unique_name,strongs,founder,people_group,location,bcv_id
Abel-beth-maacah@2Sa.20.14,H0062,,,"@33.26852614315892,35.57804682248786",2sa.20.14
Abel-keramim@Jdg.11.33,H0064,,,"@32.02425,35.82352",jdg.11.33
Abel-meholah@Jdg.7.22,H0065,,,"@32.356010,35.536929",jdg.7.22
Shittim@Num.33.49,H7851G,,,"@31.85826217905818,35.64156652792805",num.33.49
Abilene@Luk.3.1,G0009,,,"@33.587300,36.091710",luk.3.1
Abronah@Num.33.34,H5684,,,"@29.75804307645581,35.0306017443078",num.33.34
Accad@Gen.10.10,H0390,,,"@33.09201653975629,44.12924814594658",gen.10.10
Acco@Jdg.1.31,H5910,,,"@32.927583,35.081555",jdg.1.31
Achaia@Act.18.12,G0882,,,"@37.98333333333333,23.73333333333333",act.18.12
Achor_Valley@Jos.7.24,H5911,,,"@31.836890,35.399737",jos.7.24
Achshaph@Jos.11.1,H0407,,,"@32.95182083157021,35.17382658065705",jos.11.1
Achzib@Jos.15.44,H0392G,,,"@31.700000,35.000000",jos.15.44
Achzib@Jos.19.29,H0392H,,,"@33.04846798541127,35.10220252805766",jos.19.29
Adadah@Jos.15.22,H5735,,,"@31.1858,34.96745",jos.15.22
Adam@Jos.3.16,H0121H,,,"@32.09772014797369,35.56469085401976",jos.3.16
Adamah@Jos.19.36,H0128,,,"@32.7253,35.4382",jos.19.36
Adami-nekeb@Jos.19.33,H0129,,,"@32.610500,35.542890",jos.19.33
Addan@Ezr.2.59,H0135,,,"@0,14z",ezr.2.59
Addar@Jos.15.3,H0146G,,,"@30.9522,34.7187",jos.15.3
Adithaim@Jos.15.36,H5723,,,"@31.7001,34.89532",jos.15.36
Admah@Gen.10.19,H0126,,,"@31.11942270162137,35.41253049195169",gen.10.19
Adoraim@2Ch.11.9,H0115,,,"@31.51666666666667,34.98333333333333",2ch.11.9
Adramyttium@Act.27.2,G0098,,,"@39.574800,26.936700",act.27.2
Adriatic_Sea@Act.27.27,G0099,,,"@42.415000,16.373500",act.27.27
Adullam@Jos.12.15,H5725,,,"@31.650000,35.000000",jos.12.15
Adummim@Jos.15.7,H0131,,,"@31.817585,35.361646",jos.15.7
Aenon@Jhn.3.23,G0137,,,"@32.398936,35.543510",jhn.3.23
Ahava@Ezr.8.15,H0163,,,"@33.625197,42.786647",ezr.8.15
Ahlab@Jdg.1.31,H0303,,,"@33.02498036359259,35.44544657992798",jdg.1.31
Ai@Gen.12.8,H5857G,,,"@31.91697811712517,35.26122639380886",gen.12.8
Ai@Jer.49.3,H5857H,,,"@31.80052000870321,35.80901866717255",jer.49.3
Aijalon@Jos.10.12,H0357,,,"@31.84117376619545,35.02537926743067",jos.10.12
Ain@Num.34.11,H5871G,,,"@34.353071,36.385705",num.34.11
Ain@Jos.15.32,H5871H,,,"@31.370835,34.860665",jos.15.32
Akeldama@Act.1.19,G0184,,,"@31.777444,35.234935",act.1.19
Akrabbim@Num.34.4,H4610,,,"@30.688292,35.263182",num.34.4
Alemeth@Jos.21.18,H5964G,,,"@31.828406,35.287637",jos.21.18
Alexandria@Act.6.9,G0222,,,"@31.2278414761719,29.9569242709775",act.6.9
Allammelech@Jos.19.26,H0487,,,"@32.97829,35.182915",jos.19.26
Allon@Jos.19.33,H0438G,Word sometimes translated as a place,,"@0,14z",jos.19.33
Allon-bacuth@Gen.35.8,H0439,,,"@31.93053920580005,35.22103274923676",gen.35.8
Alush@Num.33.13,H0442,,,"@28.770015,33.400460",num.33.13
Amad@Jos.19.26,H6008,,,"@33.019337,35.173644",jos.19.26
Amalek@Gen.14.7,H6002G,Amalek@Gen.36.12,Amalekite,"@30.659770,34.835554",gen.14.7
Amam@Jos.15.26,H0538,,,"@31.162327,35.057114",jos.15.26
Amana@Sng.4.8,H0549G,,,"@33.681370,36.055039",sng.4.8
Amaw@Num.22.5,H5971J,,,"@36.654616,38.068879",num.22.5
Ammah@2Sa.2.24,H0522,,,"@31.869005,35.343177",2sa.2.24
Ammon@Deu.2.19,H5983,,,"@31.95018855468469,35.92413135872749",deu.2.19
Amphipolis@Act.17.1,G0295,,,"@40.82322547229525,23.83863142894023",act.17.1
Anab@Jos.11.21,H6024,,,"@31.403888,34.944185",jos.11.21
Anaharath@Jos.19.19,H0588,,,"@32.607039,35.397389",jos.19.19
Ananiah@Neh.11.32,H6055H,,,"@31.832910,35.219683",neh.11.32
Anathoth@Jos.21.18,H6068G,,,"@31.81291276898118,35.26349894226843",jos.21.18
Angle@2Ch.26.9,H4740G,,,"@31.777444,35.234935",2ch.26.9
Anim@Jos.15.50,H6044,,,"@31.373521,35.074552",jos.15.50
Antioch@Act.6.5,G0490G,,,"@36.20233087051257,36.16238775165068",act.6.5
Antioch@Act.13.14,G0490H,,,"@38.31643056393041,31.17948683048973",act.13.14
Antipatris@Act.23.31,G0494,,,"@32.10043792968003,34.94650938910333",act.23.31
Aphek@Jos.12.18,H0663G,,,"@32.1047126614992,34.93197921211777",jos.12.18
Aphek@Jos.13.4,H0663H,,,"@34.066067,35.865801",jos.13.4
Aphek@1Ki.20.26,H0663I,,,"@32.77826806589006,35.69874935270775",1ki.20.26
Apollonia@Act.17.1,G0624,,,"@40.58763251343323,23.35335168557556",act.17.1
Ar@Num.21.15,H6144,,,"@31.44980942220132,35.59395836278803",num.21.15
Arab@Jos.15.52,H0694,,,"@31.450746,35.045648",jos.15.52
Arabah@Deu.1.1,H6160G,,,"@32.029676,35.520995",deu.1.1
Arabia@2Sa.23.35,H6152B,,,"@27.4,37.7",2sa.23.35
Arad@Num.21.1,H6166A,Arad@1Ch.8.15,,"@31.28098170907087,35.12636584365214",num.21.1
Aram-maacah@1Ch.19.6,H0758K,,,"@33.2,36.5",1ch.19.6
Aram-naharaim@Psa.60.1,H0763H,,,"@35.1,42.0",psa.60.1
Aram-zobah@Psa.60.1,H0760,,,"@33.519299,36.31344999999999",psa.60.1
Ararat@Gen.8.4,H0780,,,"@39.70289295384448,44.29818047261773",gen.8.4
Areopagus@Act.17.19,G0697,,,"@37.98333333333333,23.73333333333333",act.17.19
Argob@Deu.3.4,H0709G,,,"@33.144,36.136",deu.3.4
Arnon@Num.21.13,H0769,,,"@31.428800,35.677009",num.21.13
Aroer@Num.32.34,H6177G,,,"@31.9617,35.9115",num.32.34
Aroer@Deu.2.36,H6177H,,,"@31.47109529828131,35.82200331579328",deu.2.36
Aroer@1Sa.30.28,H6177I,,,"@31.14893187321126,34.9848522498051",1sa.30.28
Arpad@2Ki.18.34,H0774,,,"@35.136204,36.749488",2ki.18.34
Arubboth@1Ki.4.10,H0700,,,"@31.68123465358001,34.97639817516712",1ki.4.10
Arumah@Jdg.9.41,H0725,,,"@32.154887,35.318192",jdg.9.41
Arvad@Ezk.27.8,H0719,,,"@34.856082,35.858485",ezk.27.8
Ashan@Jos.15.42,H6228,,,"@31.8099,34.9365",jos.15.42
Ashdod@Jos.11.22,H0795,,,"@31.80299971086164,34.6351145939134",jos.11.22
Ashkelon@Jos.13.3,H0831,,,"@31.66240510553615,34.54722773494757",jos.13.3
Ashkenaz@Jer.51.27,H0813H,,,"@40.6,44.6",jer.51.27
Ashnah@Jos.15.33,H0823,,,"@31.8099,34.9365",jos.15.33
Ashtaroth@Deu.1.4,H6252,,,"@32.8333333333,36.0166666667",deu.1.4
Ashteroth-karnaim@Gen.14.5,H6255,,,"@32.7666666667,36.0166666667",gen.14.5
Asia@Act.2.9,G0773,,,"@39.23,32.73",act.2.9
Assos@Act.20.13,G0789,,,"@39.48955031303715,26.33586734239906",act.20.13
Assyria@Gen.2.14,H0804G,Asshur@Gen.10.11,,"@36.359410,43.152887",gen.2.14
Atad@Gen.50.10,H0329G,,,"@0,14z",gen.50.10
Ataroth@Num.32.3,H5852G,,,"@31.60000000000001,35.7",num.32.3
Ataroth@Jos.16.2,H5852H,,,"@31.85891795409998,35.12831317484221",jos.16.2
Ataroth-addar@Jos.16.5,H5853,,,"@31.85891795409998,35.12831317484221",jos.16.5
Athach@1Sa.30.30,H6269,,,"@0,14z",1sa.30.30
Atharim@Num.21.1,H0871,,,"@30.880918,34.630620",num.21.1
Athens@Act.17.15,G0116,,,"@37.98333333333333,23.73333333333333",act.17.15
Atroth-beth-joab@1Ch.2.54,H5854,,,"@0,14z",1ch.2.54
Atroth-shophan@Num.32.35,H5855,,,"@31.9617,35.9115",num.32.35
Attalia@Act.14.25,G0825,,,"@36.88082580070078,30.69456557778969",act.14.25
Aven_Valley@Amo.1.5,H0206G,,,"@34.006944,36.203889",amo.1.5
Avith@Gen.36.35,H5762,,,"@30.734691,35.606250",gen.36.35
Ivvah@2Ki.17.24,H5755,,,"@34.467725,41.964955",2ki.17.24
Avvim@Jos.18.23,H5761H,,,"@31.53577362133176,35.09409986578734",jos.18.23
Azal@Zec.14.5,H0682B,,,"@31.77809503341373,35.2471976093501",zec.14.5
Azekah@Jos.10.10,H5825,,,"@31.70063856043753,34.93618589974822",jos.10.10
Azmon@Num.34.4,H6111,,,"@30.958506,34.380500",num.34.4
Aznoth-tabor@Jos.19.34,H0243,,,"@32.68695640243183,35.39091304299688",jos.19.34
Baalah@Jos.15.29,H1173H,,,"@31.24495217357714,34.8408885849849",jos.15.29
Baalah_Mount@Jos.15.11,H1173G,,,"@31.865518,34.746856",jos.15.11
Baalath@Jos.19.44,H1191G,,,"@31.927451,35.055378",jos.19.44
Baalath@1Ki.9.18,H1191H,,,"@31.927451,35.055378",1ki.9.18
Baalath-beer@Jos.19.8,H1192,,,"@32.049953,35.733402",jos.19.8
Baal-hazor@2Sa.13.23,H1178,,,"@31.979434,35.279229",2sa.13.23
Baal-meon@Num.32.3,H1186,,,"@31.679454,35.734892",num.32.3
Baal-perazim@2Sa.5.20,H1188,,,"@31.756332,35.223059",2sa.5.20
Baal-shalishah@2Ki.4.42,H1190,,,"@32.029737,35.222604",2ki.4.42
Baal-tamar@Jdg.20.33,H1193,,,"@31.82378102460309,35.23100936128631",jdg.20.33
Baal-zephon@Exo.14.2,H1189,,,"@29.938441,32.395473",exo.14.2
Babylon@Gen.10.10,H0894,,,"@32.53650368616845,44.42088287373876",gen.10.10
Bahurim@2Sa.3.16,H0980,,,"@31.824736,35.388486",2sa.3.16
Bajith@Isa.15.2,H1006,Word sometimes translated as a place,,"@31.49684513710609,35.78284105296996",isa.15.2
Balah@Jos.19.3,H1088,,,"@31.24495217357714,34.8408885849849",jos.19.3
Bamoth@Num.21.19,H1120G,,,"@31.76503129703305,35.71856575741812",num.21.19
Bamoth-baal@Num.22.41,H1120H,,,"@31.76503129703305,35.71856575741812",num.22.41
Bashan@Num.21.33,H1316,,,"@32.80007552505443,35.93730130476259",num.21.33
Bath-rabbim@Sng.7.4,H1337,,,"@31.80052000870321,35.80901866717255",sng.7.4
Beautiful_Gate@Act.3.2,G5611,,,"@31.777444,35.234935",act.3.2
Beer@Num.21.16,H0876G,,,"@30.998062,35.498547",num.21.16
Beer-elim@Isa.15.8,H0879,,,"@30.998062,35.498547",isa.15.8
Beer-lahai-roi@Gen.16.14,H0883,,,"@30.68771281376111,34.49479554246946",gen.16.14
Beeroth@Jos.9.17,H0881G,,,"@31.90007449127097,35.21668800602465",jos.9.17
Beersheba@Gen.21.14,H0884,,,"@31.24495217357714,34.8408885849849",gen.21.14
Bene-berak@Jos.19.45,H1139,,,"@32.035782,34.827108",jos.19.45
Bene-jaakan@Num.33.31,H1142G,,,"@30.317396,35.407152",num.33.31
Benjamin_Gate@Jer.20.2,H1144L,,,"@31.777444,35.234935",jer.20.2
Benjamin_Gate@Zec.14.10,H1144M,,,"@31.777444,35.234935",zec.14.10
Beracah_Valley@2Ch.20.26,H1294H,,,"@31.610650,35.165648",2ch.20.26
Berea@Act.17.10,G0960,,,"@40.5167,22.2",act.17.10
Bered@Gen.16.14,H1260G,,,"@30.68771281376111,34.49479554246946",gen.16.14
Berothah@2Sa.8.8,H1268A,,,"@33.931480,36.152049",2sa.8.8
Besor@1Sa.30.9,H1308,,,"@31.398056,34.436667",1sa.30.9
Betah@2Sa.8.8,H0984,,,"@33.931480,36.152049",2sa.8.8
Beten@Jos.19.25,H0991,,,"@32.934736,35.270799",jos.19.25
Beth-anath@Jos.19.38,H1043,,,"@33.146864,35.427134",jos.19.38
Beth-anoth@Jos.15.59,H1042,,,"@31.558456,35.124483",jos.15.59
Bethany@Mat.21.17,G0963,,,"@31.77166591433378,35.26212203964414",mat.21.17
Bethany@Jdg.7.24,H1012,,,"@31.8363211491438,35.55260017422344",jdg.7.24
Beth-arabah@Jos.15.6,H1026,,,"@31.843320,35.506490",jos.15.6
Beth-arbel@Hos.10.14,H1009,,,"@32.56101132918748,35.84782996762625",hos.10.14
Beth-ashbea@1Ch.4.21,H1004G,,,"@0,14z",1ch.4.21
Beth-Ashtoreth@1Sa.31.10,H1045,,,,1sa.31.10
Beth-aven@Jos.7.2,H1007,,,"@31.89571707979081,35.25309824700233",jos.7.2
Beth-azmaveth@Ezr.2.24,H1041,,,"@31.834203,35.260706",ezr.2.24
Beth-biri@1Ch.4.31,H1011,,,"@31.391668,34.940502",1ch.4.31
Beth-car@1Sa.7.11,H1033,,,"@31.83273947023218,35.1801628605877",1sa.7.11
Beth-dagon@Jos.15.41,H1016G,,,"@31.908,34.775",jos.15.41
Beth-dagon@Jos.19.27,H1016H,,,"@32.899561,35.107928",jos.19.27
Beth-eden@Amo.1.5,H1040,,,"@33.519299,36.31344999999999",amo.1.5
Beth-eked@2Ki.10.12,H1044,,,"@32.5559631396043,35.33078927843792",2ki.10.12
Bethel@Gen.12.8,H1008G,,,"@31.93053920580005,35.22103274923676",gen.12.8
Bethel@Jos.12.16,H1008H,,,"@32.049953,35.733402",jos.12.16
Beth-emek@Jos.19.27,H1025,,,"@32.978855,35.167096",jos.19.27
Bether_Mountain@Sng.2.17,H1336,Word sometimes translated as a place,,"@0,14z",sng.2.17
Bethesda@Jhn.5.2,G0964,,,"@31.777444,35.234935",jhn.5.2
Beth-ezel@Mic.1.11,H1018,,,"@31.743719,34.694006",mic.1.11
Beth-gader@1Ch.2.51,H1013,,,"@0,14z",1ch.2.51
Beth-gamul@Jer.48.23,H1014,,,"@31.519692,35.844714",jer.48.23
Beth-haccherem@Neh.3.14,H1021,,,"@31.665911,35.241516",neh.3.14
Beth-haggan@2Ki.9.27,H1004H,,,"@32.58418313614938,35.18229165870594",2ki.9.27
Beth-haram@Jos.13.27,H1027,,,"@31.816667,35.583333",jos.13.27
Beth-hoglah@Jos.15.6,H1031,,,"@31.837062,35.513151",jos.15.6
Beth-horon_Lower@Jos.16.3,H1032G,,,"@31.87892595986906,35.12356744466153",jos.16.3
Beth-horon_Upper@Jos.16.5,H1032H,,,"@31.85891795409998,35.12831317484221",jos.16.5
Beth-jeshimoth@Num.33.49,H1020,,,"@31.77691134657884,35.59865748950166",num.33.49
Beth-lebaoth@Jos.19.6,H1034,,,"@31.391668,34.940502",jos.19.6
Beth-merchak@2Sa.15.17,H1023,,,,2sa.15.17
Bethlehem@Gen.35.16,H1035G,,,"@31.70536129174666,35.21026630105202",gen.35.16
Bethlehem@Jos.19.15,H1035H,,,"@32.735379,35.189704",jos.19.15
Beth-millo@Jdg.9.6,H1037,,,"@32.21369123124062,35.2817986718367",jdg.9.6
Beth-nimrah@Num.32.36,H1039,,,"@31.900811,35.625693",num.32.36
Beth-pazzez@Jos.19.21,H1048,,,"@32.46349905885267,35.3036831926058",jos.19.21
Beth-pelet@Jos.15.27,H1046,,,"@31.215418,34.942986",jos.15.27
Beth-peor@Deu.3.29,H1047,,,"@31.656099,35.711870",deu.3.29
Bethphage@Mat.21.1,G0967,,,"@31.79038300543012,35.25667232374259",mat.21.1
Beth-rehob@Jdg.18.28,H1050,,,"@33.219354,35.544122",jdg.18.28
Bethsaida@Mat.11.21,G0966,,,"@32.90784828392077,35.62697295608815",mat.11.21
Beth-shan@1Sa.31.10,H1052,,,"@32.5042384550589,35.50307739108582",1sa.31.10
Beth-shemesh@Jos.15.10,H1053G,,,"@31.75274835811488,34.97660913147738",jos.15.10
Beth-shemesh@Jos.19.22,H1053H,,,"@32.406430,35.504628",jos.19.22
Beth-shemesh@Jos.19.38,H1053I,,,"@33.146864,35.427134",jos.19.38
Beth-shittah@Jdg.7.22,H1029,,,"@32.552496,35.438257",jdg.7.22
Beth-tappuah@Jos.15.53,H1054,,,"@31.529730,35.050377",jos.15.53
Beth-togarmah@Ezk.27.14,H8425H,,,"@40.065539,45.036328",ezk.27.14
Bethuel@1Ch.4.30,H1328B,,,"@32.049953,35.733402",1ch.4.30
Bethul@Jos.19.4,H1329,,,"@32.049953,35.733402",jos.19.4
Beth-zur@Jos.15.58,H1049,,,"@31.596107,35.102620",jos.15.58
Betonim@Jos.13.26,H0993,,,"@32.010500,35.706297",jos.13.26
Bezek@Jdg.1.4,H0966G,,,"@31.898029,34.952878",jdg.1.4
Bezek@1Sa.11.8,H0966H,,,"@32.3667,35.4",1sa.11.8
Bezer@Deu.4.43,H1221G,,,"@32.51613740944529,36.48829075785014",deu.4.43
Bilhah@1Ch.4.29,H1090B,,,"@31.24495217357714,34.8408885849849",1ch.4.29
Bithron@2Sa.2.29,H1338,Word sometimes translated as a place,,"@0,14z",2sa.2.29
Bithynia@Act.16.7,G0978,,,"@40.905503,30.685778",act.16.7
Biziothiah@Jos.15.28,H0964,,,"@31.24495217357714,34.8408885849849",jos.15.28
Bor-ashan@1Sa.30.30,H3565,,,"@31.8099,34.9365",1sa.30.30
Bozez@1Sa.14.4,H0949,,,"@31.85716450320853,35.28714718824809",1sa.14.4
Bozkath@Jos.15.39,H1218,,,"@31.56485056116292,34.8467256730566",jos.15.39
Bozrah@Gen.36.33,H1224G,,,"@30.734691,35.606250",gen.36.33
Broad_Wall@Neh.3.8,H7342G,,,"@31.777444,35.234935",neh.3.8
Brook_of_Egypt@Num.34.5,H7883G,,,"@31.032047,33.854957",num.34.5
Brook_of_the_Arabah@Amo.6.14,H5158K,,,"@35.136204,36.749488",amo.6.14
Brook_of_the_Willows@Isa.15.7,H5158G,,,"@32.309099,35.559900",isa.15.7
Buz@Jer.25.23,H0938I,,,"@26.625139,37.919663",jer.25.23
Cabbon@Jos.15.40,H3522,,,"@31.5,34.7667",jos.15.40
Cabul@Jos.19.27,H3521G,,,"@32.865661,35.211814",jos.19.27
Cabul@1Ki.9.13,H3521H,,,"@32.865661,35.211814",1ki.9.13
Caesarea@Act.8.40,G2542H,,,"@32.499544608298,34.89218497556097",act.8.40
Caesarea_Philippi@Mat.16.13,G2542G,,,"@33.2480599128704,35.69463725353769",mat.16.13
Calah@Gen.10.11,H3625,,,"@36.142884,43.312178",gen.10.11
Caleb_Ephrathah@1Ch.2.24,H3613,,,"@0,14z",1ch.2.24
Calneh@Gen.10.10,H3641A,,,"@32.127213,45.229995",gen.10.10
Cana@Jos.19.28,H7071H,,,"@32.74701517958585,35.33877162058164",jos.19.28
Canaan@Gen.10.18,H3667A,Canaan@Gen.9.18,,"@31.69352950368834,34.84388288576839",gen.10.18
Capernaum@Mat.4.13,G2584,,,"@32.88059412581622,35.57515767479308",mat.4.13
Cappadocia@Act.2.9,G2587,,,"@36.731904,35.486302",act.2.9
Carchemish@2Ch.35.20,H3751,,,"@36.82928161099629,38.01576051001015",2ch.35.20
Carmel@Jos.12.22,H3760G,,,"@31.43333151674604,35.13333188530802",jos.12.22
Carmel_Mount@1Ki.18.19,H3760H,,,"@32.729350157734,35.04978957235391",1ki.18.19
Casiphia@Ezr.8.17,H3703,,,"@35.136204,36.749488",ezr.8.17
Cauda@Act.27.16,G2802,,,"@34.843510,24.091671",act.27.16
Cenchreae@Act.18.18,G2747,,,"@37.88460365000972,22.9933595701051",act.18.18
Chaldea@Gen.11.28,H3778,,,"@30.9620520474569,46.10374195774169",gen.11.28
Chebar@Ezk.1.1,H3529,,,"@33.159129,44.062930",ezk.1.1
Chephar-ammoni@Jos.18.24,H3723G,,,"@31.966667,35.250000",jos.18.24
Chephirah@Jos.9.17,H3716,,,"@31.836401,35.095272",jos.9.17
Cherith@1Ki.17.3,H3747,,,"@32.309099,35.559900",1ki.17.3
Cherub@Ezr.2.59,H3743,,,"@32.53650368616845,44.42088287373876",ezr.2.59
Chesalon@Jos.15.10,H3693,,,"@31.781049,35.051130",jos.15.10
Chesil@Jos.15.30,H3686,,,"@32.049953,35.733402",jos.15.30
Chesulloth@Jos.19.18,H3694,,,"@32.683231,35.324694",jos.19.18
Chilmad@Ezk.27.23,H3638,,,"@36.359410,43.152887",ezk.27.23
Chinnereth@Jos.19.35,H3672I,,,"@32.80677585520321,35.58936052679091",jos.19.35
Chinneroth@Jos.11.2,H3672H,,,"@32.80677585520321,35.58936052679091",jos.11.2
Chios@Act.20.15,G5508,,,"@38.444840,26.063302",act.20.15
Chitlish@Jos.15.40,H3798,,,"@31.823337,34.777779",jos.15.40
Chorazin@Mat.11.21,G5523,,,"@32.90909168933021,35.55292324144203",mat.11.21
Cilicia@Act.6.9,G2791,,,"@36.91802695356275,34.89153398422567",act.6.9
City_of_Salt@Jos.15.62,H5898,,,"@31.46152536164766,35.39241108242345",jos.15.62
Cnidus@Act.27.7,G2834,,,"@36.68502255790917,27.37439432376754",act.27.7
Colossae@Col.1.2,G2857G,,,"@37.78333333333333,29.25",col.1.2
Corban@Mat.27.6,G2878,,,"@31.777444,35.234935",mat.27.6
Corinth@Act.18.1,G2882,,,"@37.9059573586561,22.87788175588845",act.18.1
Corner_Gate@2Ki.14.13,H6438G,,,"@31.777444,35.234935",2ki.14.13
Cos@Act.21.1,G2972,,,"@36.80467006054953,27.08994040521288",act.21.1
Crete@Deu.2.23,H3731,,,"@35.171239,25.007204",deu.2.23
Cush@Gen.2.13,H3568A,Cush@Gen.10.6,,"@21.959788,31.343557",gen.2.13
Cushan@Hab.3.7,H3572,,,"@21.959788,31.343557",hab.3.7
Cuthah@2Ki.17.30,H3575,,,"@32.733333,44.666667",2ki.17.30
Cyprus@Num.24.24,H3794H,Kittim@Gen.10.4,,"@35.018306,33.207693",num.24.24
Cyrene@Mat.27.32,G2956,,,"@32.824979,21.858301",mat.27.32
Dabbesheth@Jos.19.11,H1708,,,"@33.000000,35.266682",jos.19.11
Daberath@Jos.19.12,H1705,,,"@32.69171267584284,35.37171031061986",jos.19.12
Dalmatia@2Ti.4.10,G1149,,,"@43.515484,16.071538",2ti.4.10
Damascus@Gen.14.15,H1834,,,"@33.519299,36.31344999999999",gen.14.15
Dan@Gen.14.14,H1835G,Dan@Gen.30.6,,"@33.24865997897308,35.65248345039043",gen.14.14
Dannah@Jos.15.49,H1837,,,"@31.561025,34.975472",jos.15.49
Debir@Jos.10.38,H1688A,,,"@31.41666959977098,34.96667012280085",jos.10.38
Debir@Jos.15.7,H1688G,,,"@31.816662,35.349994",jos.15.7
Decapolis@Mat.4.25,G1179,,,"@33.519299,36.31344999999999",mat.4.25
Dedan@Jer.25.23,H1719A,Dedan@Jer.25.23,,"@26.625139,37.919663",jer.25.23
Derbe@Act.14.6,G1190,,,"@37.35092016962404,33.27141769926378",act.14.6
Diblathaim@Num.33.46,H5963,,,"@31.49684513710609,35.78284105296996",num.33.46
Dibon@Num.21.30,H1769G,,,"@31.49684513710609,35.78284105296996",num.21.30
Dibon@Neh.11.25,H1769H,,,"@31.1858,34.96745",neh.11.25
Dilean@Jos.15.38,H1810,,,"@31.56485056116292,34.8467256730566",jos.15.38
Dimnah@Jos.21.35,H1829,,,"@32.781808,35.321364",jos.21.35
Dimonah@Jos.15.22,H1776,,,"@31.1858,34.96745",jos.15.22
Dinhabah@Gen.36.32,H1838,,,"@30.336614,35.529889",gen.36.32
Diviners'_Oak@Jdg.9.37,H6049G,,,"@32.21369123124062,35.2817986718367",jdg.9.37
Dizahab@Deu.1.1,H1774,,,"@28.507836,34.516339",deu.1.1
Dophkah@Num.33.12,H1850,,,"@28.770015,33.400460",num.33.12
Dor@Jos.12.23,H1756G,,,"@32.61323618394521,34.91889683434057",jos.12.23
Dothan@Gen.37.17,H1886,,,"@32.42064338380848,35.18019829952955",gen.37.17
Dragon_Spring@Neh.2.13,H8577B,,,"@31.777444,35.234935",neh.2.13
Dumah@Isa.21.11,H1746H,,,"@27.4,37.7",isa.21.11
Dumah@Jos.15.52,H7316G,,,"@31.438270,34.982762",jos.15.52
Dung_Gate@Neh.2.13,H0830G,,,"@31.777444,35.234935",neh.2.13
Dura@Dan.3.1,H1757,,,"@32.53650368616845,44.42088287373876",dan.3.1
East@Jdg.6.3,H6924A,,,"@31.95018855468469,35.92413135872749",jdg.6.3
East_Gate@Neh.3.29,H4217G,,,"@31.777444,35.234935",neh.3.29
Ebal_Mount@Deu.11.29,H5858C,,,"@32.23293813761263,35.27304180036391",deu.11.29
Ebenezer@1Sa.4.1,H0072,,,"@31.83273947023218,35.1801628605877",1sa.4.1
Ebez@Jos.19.20,H0077,,,"@32.261621,35.328129",jos.19.20
Ecbatana@Ezr.6.2,H0307,,,"@34.798311,48.514966",ezr.6.2
Eden@2Ki.19.12,H5729,,,"@0,14z",2ki.19.12
Eden@Gen.2.8,H5731B,,,"@0,14z",gen.2.8
Eder@Jos.15.21,H5740B,,,"@31.1858,34.96745",jos.15.21
Edom@Gen.36.40,H0123G,,,"@30.734691,35.606250",gen.36.40
Edrei@Num.21.33,H0154,,,"@32.62413707696097,36.09899663593119",num.21.33
Eglaim@Isa.15.8,H0097,,,"@30.998062,35.498547",isa.15.8
Eglath-shelishiyah@Isa.15.5,H5697B,,,"@0,14z",isa.15.5
Eglon@Jos.10.3,H5700G,,,"@31.5,34.7667",jos.10.3
Egypt@Gen.12.10,H4714G,Egypt@Gen.10.6,,"@30.108086,31.338220",gen.12.10
Egypt_Sea@Isa.11.15,H4714I,,,"@27.088473,34.771729",isa.11.15
Ekron@Jos.13.3,H6138,,,"@31.77761410537458,34.85214575880509",jos.13.3
Elah_Valley@1Sa.17.2,H0425L,,,"@31.690629,34.963136",1sa.17.2
Elam@Gen.14.1,H5867A,Elam@Gen.10.22,,"@32.18919123705116,48.25788647687722",gen.14.1
Elath@Deu.2.8,H0359A,,,"@29.528502,35.005732",deu.2.8
Elealeh@Num.32.3,H0500,,,"@31.813796,35.824275",num.32.3
Elim@Exo.15.27,H0362,,,"@29.306194,32.980924",exo.15.27
Elkosh@Nam.1.1,H0512,"Place, home of Nahum",,"@0,14z",nam.1.1
Ellasar@Gen.14.1,H0495,,,"@37.056944,40.997222",gen.14.1
Elon@Jos.19.43,H0356I,,,"@31.973818,35.116531",jos.19.43
Elonbeth-hanan@1Ki.4.9,H0358,,,"@31.852593,35.109078",1ki.4.9
El-paran@Gen.14.6,H0364,,,"@29.151667,33.541944",gen.14.6
Eltekeh@Jos.19.44,H0514,,,"@31.869521,35.066880",jos.19.44
Eltekon@Jos.15.59,H0515,,,"@31.660570,34.995406",jos.15.59
Eltolad@Jos.15.30,H0513,,,"@32.049953,35.733402",jos.15.30
Emek-keziz@Jos.18.21,H6010J,,,"@31.837062,35.513151",jos.18.21
Emmaus@Luk.24.13,G1695,,,"@31.83945022372554,34.9895293285359",luk.24.13
Enaim@Gen.38.14,H5879G,,,"@31.784368,34.909680",gen.38.14
Enam@Jos.15.34,H5879H,,,"@32.15,35.1260",jos.15.34
En-dor@Jos.17.11,H5874,,,"@32.62570020915744,35.38566744418715",jos.17.11
Eneglaim@Ezk.47.10,H5882,,,"@30.998062,35.498547",ezk.47.10
En-gannim@Jos.15.34,H5873G,,,"@31.750000,34.950106",jos.15.34
En-gannim@Jos.19.21,H5873H,,,"@32.46349905885267,35.3036831926058",jos.19.21
Engedi@Jos.15.62,H5872,,,"@31.46152536164766,35.39241108242345",jos.15.62
En-haddah@Jos.19.21,H5876,,,"@32.478425,35.254452",jos.19.21
En-hakkore@Jdg.15.19,H5875,,,"@31.75274835811488,34.97660913147738",jdg.15.19
En-hazor@Jos.19.37,H5877,,,"@33.100000,35.350000",jos.19.37
En-rogel@Jos.15.7,H5883,,,"@31.767775,35.234408",jos.15.7
En-shemesh@Jos.15.7,H5885,,,"@31.774020,35.270231",jos.15.7
Ephah@Isa.60.6,H5891J,Ephah@Gen.25.4,,"@28.932881,34.90832",isa.60.6
Ephes-dammim@1Sa.17.1,H0658,,,"@31.691186,34.944496",1sa.17.1
Ephesus@Act.18.19,G2181,,,"@37.95331433666365,27.36782511573013",act.18.19
Forest_Ephraim@2Sa.18.6,H0669K,,,"@35.764722,32.381111",2sa.18.6
Ephraim@2Sa.13.23,H0669L,,,"@31.954444,35.300278",2sa.13.23
Ephraim_Gate@2Ki.14.13,H0669H,,,"@31.777444,35.234935",2ki.14.13
Ephraim_Gate@Neh.8.16,H0669I,,,"@31.777444,35.234935",neh.8.16
Ephron_Mount@Jos.15.9,H6085H,,,"@31.675746,35.042407",jos.15.9
Erech@Gen.10.10,H0751,,,"@32.322222,45.636111",gen.10.10
Esau_Mount@Oba.1.8,H6215I,,,"@30.734691,35.606250",oba.1.8
Esek@Gen.26.20,H6230,,,"@31.39129109635703,34.56057015639144",gen.26.20
Eshan@Jos.15.52,H0824,,,"@31.420175,35.033537",jos.15.52
Eshcol_Valley@Num.13.23,H0812H,,,"@31.54909871686872,35.09356062020027",num.13.23
Eshtaol@Jos.15.33,H0847,,,"@31.782429,35.009012",jos.15.33
Eshtemoa@Jos.21.14,H0851,Maacathite|Maacath@Jos.13.13(?),,"@31.373521,35.074552",jos.21.14
Etam@Jdg.15.8,H5862G,,,"@31.736294,35.054850",jdg.15.8
Etam@1Ch.4.3,H5862H,,,"@31.370835,34.860665",1ch.4.3
Etam@2Ch.11.6,H5862I,,,"@31.686465,35.174740",2ch.11.6
Etham@Exo.13.20,H0864,,,"@30.467511,32.282767",exo.13.20
Ether@Jos.15.42,H6281,,,"@31.8099,34.9365",jos.15.42
Ethiopia@2Ch.12.3,H3568H,,,"@21.959788,31.343557",2ch.12.3
Eth-kazin@Jos.19.13,H6278,,,"@32.781808,35.321364",jos.19.13
Euphrates@Gen.2.14,H6578,,,"@35.090577,40.427780",gen.2.14
Ezel_Stone@1Sa.20.19,H0237,,,"@31.777444,35.234935",1sa.20.19
Ezem@Jos.15.29,H6107,,,"@32.049953,35.733402",jos.15.29
Ezion-geber@Num.33.35,H6100,,,"@29.75804307645581,35.0306017443078",num.33.35
Fair_Havens@Act.27.8,G2570H,,,"@34.92138418681769,24.73114125973342",act.27.8
Field_of_Blood@Mat.27.8,G0129H,,,"@31.777444,35.234935",mat.27.8
Fish_Gate@2Ch.33.14,H1709G,,,"@31.777444,35.234935",2ch.33.14
Forum_of_Appius@Act.28.15,G0675,,,"@41.468706,12.993929",act.28.15
Foundation_Gate@2Ch.23.5,H3247G,,,"@31.777444,35.234935",2ch.23.5
Fountain_Gate@Neh.2.14,H5869B,,,"@31.777444,35.234935",neh.2.14
Gaash@Jos.24.30,H1608,,,"@32.121473,35.150392",jos.24.30
Gabbatha@Jhn.19.13,G1042,,,"@31.777444,35.234935",jhn.19.13
Gerasa@Mat.8.28,G1086G,,,"@0,14z",mat.8.28
Galatia@Act.16.6,G1053,,,"@37.57813498250009,32.45318282875567",act.16.6
Galilee@Jos.12.23,H1551,,,"@32.70674542474383,35.30152807767973",jos.12.23
Galilee_Sea@Num.34.11,H3672G,,,"@32.80677585520321,35.58936052679091",num.34.11
Gallim@1Sa.25.44,H1554,,,"@31.816667,35.250000",1sa.25.44
Gamad@Ezk.27.11,H1575,,,"@34.856082,35.858485",ezk.27.11
Gareb@Jer.31.39,H1619H,,,"@31.777444,35.234935",jer.31.39
Gath@Jos.11.22,H1661,,,"@31.69352950368834,34.84388288576839",jos.11.22
Gath-hepher@Jos.19.13,H1662,,,"@32.73918470119603,35.32822661816711",jos.19.13
Gath-rimmon@Jos.19.45,H1667G,,,"@32.06972222222223,34.88305555555556",jos.19.45
Gaza@Gen.10.19,H5804,,,"@31.52481769532773,34.4333647185274",gen.10.19
Geba@Jos.18.24,H1387G,,,"@31.85787804122625,35.25975521608824",jos.18.24
Gebal@Jos.13.5,H1380,,,"@34.11910360710159,35.6461419556213",jos.13.5
Gebim@Isa.10.31,H1374,,,"@31.800000,35.250000",isa.10.31
Gederah@Jos.15.36,H1449,,,"@31.823337,34.777779",jos.15.36
Gederoth@Jos.15.41,H1450,,,"@31.823337,34.777779",jos.15.41
Gederothaim@Jos.15.36,H1453,,,"@31.823337,34.777779",jos.15.36
Gedor@Jos.12.13,H1446G,,,"@31.633330,35.083333",jos.12.13
Gedor@1Ch.4.39,H1446H,,,"@31.823337,34.777779",1ch.4.39
Ge-harashim@1Ch.4.14,H1516K,,,"@0,14z",1ch.4.14
Gennesaret@Mat.14.34,G1082,,,"@32.85935860372527,35.50993742021974",mat.14.34
Gerar@Gen.10.19,H1642,,,"@31.39129109635703,34.56057015639144",gen.10.19
Gerizim_Mount@Deu.11.29,H1630,,,"@32.19956174365378,35.27285228460234",deu.11.29
Geruth_Chimham@Jer.41.17,H1628,,,"@31.70536129174666,35.21026630105202",jer.41.17
Geshur@Jos.13.13,H1650,,,"@33.000000,36.416670",jos.13.13
Gethsemane@Mat.26.36,G1068,,,"@31.777444,35.234935",mat.26.36
Gezer@Jos.10.33,H1507,,,"@31.87611111111111,34.9225",jos.10.33
Giah@2Sa.2.24,H1520,,,"@31.869005,35.343177",2sa.2.24
Gibbethon@Jos.19.44,H1405,,,"@31.976623,35.004896",jos.19.44
Gibeah@Jos.15.57,H1390G,,,"@31.43333151674604,35.13333188530802",jos.15.57
Gibeah@Jos.18.28,H1390H,,,"@31.82378102460309,35.23100936128631",jos.18.28
Gibeath-elohim@1Sa.10.5,H1389G,,,"@31.93053920580005,35.22103274923676",1sa.10.5
Gibeon@Jos.9.3,H1391,,,"@31.84684772753698,35.18491237777512",jos.9.3
Gidom@Jdg.20.45,H1440,,,"@31.934660,35.297063",jdg.20.45
Gihon@Gen.2.13,H1521,,,"@31.773116,35.237186",gen.2.13
Gilboa@1Sa.28.4,H1533G,,,"@32.516667,35.400000",1sa.28.4
Gilboa_Mount@1Sa.31.1,H1533H,,,"@32.50984080716704,35.40843470396692",1sa.31.1
Gilead@Gen.31.21,H1568G,Gilead@Num.26.29,,"@32.042523,35.724241",gen.31.21
Gilgal@Deu.11.30,H1537G,,,"@31.86378328132916,35.51854651224448",deu.11.30
Gilgal@2Ki.2.1,H1537H,,,"@32.029737,35.222604",2ki.2.1
Giloh@Jos.15.51,H1542,,,"@31.616667,35.083333",jos.15.51
Gimzo@2Ch.28.18,H1579,,,"@31.928659,34.943219",2ch.28.18
Gittaim@2Sa.4.3,H1664,,,"@31.963575,34.952536",2sa.4.3
Goah@Jer.31.39,H1601,,,"@31.777444,35.234935",jer.31.39
Gog@Ezk.38.2,H1463H,Gog@1Ch.5.4,,"@46,47",ezk.38.2
Golan@Deu.4.43,H1474,,,"@32.80007552505443,35.93730130476259",deu.4.43
Golgotha@Mat.27.33,G1115,,,"@31.777444,35.234935",mat.27.33
Gomorrah@Gen.10.19,H6017,,,"@31.15724866533878,35.4739543300078",gen.10.19
Goshen@Gen.45.10,H1657G,,,"@30.72850163814402,31.80469223616506",gen.45.10
Goshen@Jos.10.41,H1657H,,,"@31.450000,34.916667",jos.10.41
Gozan@2Ki.17.6,H1470,,,"@36.840013,40.068890",2ki.17.6
Great_Sea@Num.34.6,H1419J,,,"@33.24,33.47",num.34.6
Guard_Gate@Neh.12.39,H4307G,,,"@31.777444,35.234935",neh.12.39
Gur@2Ki.9.27,H1483,,,"@32.45,35.2833",2ki.9.27
Gurbaal@2Ch.26.7,H1485,,,"@30.734691,35.606250",2ch.26.7
Habor@2Ki.17.6,H2249,,,"@36.344972,40.789333",2ki.17.6
Hachilah@1Sa.23.19,H2444,,,"@31.466604,35.216691",1sa.23.19
Hadad-rimmon@Zec.12.11,H1910,,,"@32.524106,35.205136",zec.12.11
Hadashah@Jos.15.37,H2322,,,"@31.679512,34.695903",jos.15.37
Hadid@Ezr.2.33,H2307,,,"@31.963575,34.952536",ezr.2.33
Hadrach@Zec.9.1,H2317,,,"@33.519299,36.31344999999999",zec.9.1
Haeleph@Jos.18.28,H0507,,,"@31.792733,35.196862",jos.18.28
Halah@2Ki.17.6,H2477,,,"@36.344972,40.789333",2ki.17.6
Halak_Mount@Jos.11.17,H2510,,,"@30.916667,34.833333",jos.11.17
Halhul@Jos.15.58,H2478,,,"@31.579549,35.099103",jos.15.58
Hali@Jos.19.25,H2482,,,"@32.934736,35.270799",jos.19.25
Hall_of_Judgment@1Ki.7.7,H0197H,,,"@31.777444,35.234935",1ki.7.7
Hall_of_Pillars@1Ki.7.6,H0197G,,,"@31.777444,35.234935",1ki.7.6
Hall_of_the_Throne@1Ki.7.7,H0197I,,,"@31.777444,35.234935",1ki.7.7
Ham@1Ch.4.40,H2526H,Ham@Gen.5.32,,"@30.108086,31.338220",1ch.4.40
Hamath@Num.13.21,H2574G,,,"@35.136204,36.749488",num.13.21
Hammath@Jos.19.35,H2575A,Hammath@1Ch.2.55,,"@33.125828,35.165000",jos.19.35
Hamonah@Ezk.39.16,H1997,,,"@31.49684513710609,35.78284105296996",ezk.39.16
Hamon-gog_Valley@Ezk.39.11,H1996,,,"@31.49684513710609,35.78284105296996",ezk.39.11
Hanes@Isa.30.4,H2609,,,"@29.085425,30.934402",isa.30.4
Hannathon@Jos.19.14,H2615,,,"@32.916002,35.426637",jos.19.14
Hara@1Ch.5.26,H2024,,,"@36.344972,40.789333",1ch.5.26
Haradah@Num.33.24,H2732,,,"@30.317396,35.407152",num.33.24
Haran@Gen.11.31,H2771A,,,"@36.86386407659651,39.03219672227345",gen.11.31
Harmon@Amo.4.3,H2038,,,"@32.28023100000001,35.19792900000002",amo.4.3
Harod@Jdg.7.1,H5878,,,"@32.549638,35.355647",jdg.7.1
Harosheth-hagoyim@Jdg.4.2,H2800,,,"@32.691177,35.110039",jdg.4.2
Hashmonah@Num.33.29,H2832,,,"@30.317396,35.407152",num.33.29
Hauran@Ezk.47.16,H2362,,,"@32.80007552505443,35.93730130476259",ezk.47.16
Havilah@Gen.2.11,H2341G,,,"@0,14z",gen.2.11
Havilah@Gen.25.18,H2341J,,,"@30.14,35.22",gen.25.18
Havvoth-jair@Num.32.41,H2334,,,"@32.042523,35.724241",num.32.41
Hazar-addar@Num.34.4,H2692,,,"@30.9522,34.7187",num.34.4
Hazar-enan@Num.34.9,H2704,,,"@34.229499,37.240077",num.34.9
Hazar-gaddah@Jos.15.27,H2693,,,"@31.162327,35.057114",jos.15.27
Hazar-shual@Jos.15.28,H2705,,,"@31.215418,34.942986",jos.15.28
Hazar-susah@Jos.19.5,H2701,,,"@31.391668,34.940502",jos.19.5
Hazar-susim@1Ch.4.31,H2702,,,"@31.391668,34.940502",1ch.4.31
Hazer-hatticon@Ezk.47.16,H2694,,,"@35.136204,36.749488",ezk.47.16
Hazerim@Deu.2.23,H2699,Word sometimes translated as a place,,"@31.52481769532773,34.4333647185274",deu.2.23
Hazeroth@Num.11.35,H2698,,,"@28.916667,34.500000",num.11.35
Hazor@Jos.11.1,H2674G,,,"@33.01718199667929,35.56804856758258",jos.11.1
Hazor@Jos.15.23,H2674H,,,"@30.68771281376111,34.49479554246946",jos.15.23
Hazor@Jos.15.25,H2674I,,,"@31.162327,35.057114",jos.15.25
Hazor@Neh.11.33,H2674J,,,"@31.833333,35.20000",neh.11.33
Hazor@Jer.49.28,H2674K,,,"@0,14z",jer.49.28
Hazor-hadattah@Jos.15.25,H2675,,,"@31.162327,35.057114",jos.15.25
Hebron@Gen.13.18,H2275A,,,"@31.53577362133176,35.09409986578734",gen.13.18
Hebron_Valley@Gen.37.14,H2275H,,,"@31.54909871686872,35.09356062020027",gen.37.14
Helam@2Sa.10.16,H2431,,,"@32.1843727808126,35.70287002746794",2sa.10.16
Helbah@Jdg.1.31,H2462,,,"@34.066067,35.865801",jdg.1.31
Helbon@Ezk.27.18,H2463,,,"@33.664912,36.248576",ezk.27.18
Helech@Ezk.27.11,H2428B,,,"@34.856082,35.858485",ezk.27.11
Heleph@Jos.19.33,H2501,,,"@33.134416,35.332157",jos.19.33
Helkath@Jos.19.25,H2520,,,"@32.955448,35.211971",jos.19.25
Helkath-hazzurim@2Sa.2.16,H2521,,,"@31.880126,35.280188",2sa.2.16
Hena@2Ki.18.34,H2012,,,"@34.467725,41.964955",2ki.18.34
Hepher@Jos.12.17,H2660B,,,"@32.3667,34.8833",jos.12.17
Heres@Jdg.8.13,H2776G,,,"@32.19998298531073,35.63331303389634",jdg.8.13
Hereth@1Sa.22.5,H2802,,,"@31.621492,35.029273",1sa.22.5
Hermon_Mount@Deu.3.8,H2768,,,"@33.41615982399708,35.85725617635589",deu.3.8
Heshbon@Num.21.25,H2809,,,"@31.80052000870321,35.80901866717255",num.21.25
Heshmon@Jos.15.27,H2829,,,"@31.215418,34.942986",jos.15.27
Hethlon@Ezk.47.15,H2855,,,"@34.737990,36.340918",ezk.47.15
Hierapolis@Col.4.13,G2404,,,"@37.924517,29.124525",col.4.13
Hinnom_Valley@Jos.15.8,H8612,,,"@31.769079,35.227994",jos.15.8
Hobah@Gen.14.15,H2327,,,"@33.500000,36.466667",gen.14.15
Holon@Jos.15.51,H2473G,,,"@31.583333,34.950000",jos.15.51
Holon@Jer.48.21,H2473H,,,"@31.50100308502659,35.92063125199366",jer.48.21
Holy_Place@Exo.26.33,H6944J,,,"@31.777444,35.234935",exo.26.33
Hor_Mount@Num.20.22,H2023G,,,"@30.317396,35.407152",num.20.22
Hor_Mount@Num.34.7,H2023H,,,"@35.710069,36.188080",num.34.7
Horem@Jos.19.38,H2765,,,"@33.166667,35.433333",jos.19.38
Horesh@1Sa.23.15,H2793G,,,"@31.45113920529978,35.08840337232346",1sa.23.15
Hor-haggidgad@Num.33.32,H2735,,,"@30.358285,35.190270",num.33.32
Horonaim@Isa.15.5,H2773,,,"@31.288056,35.515000",isa.15.5
Horse_Gate@Neh.3.28,H5483B,,,"@31.777444,35.234935",neh.3.28
Hosah@Jos.19.29,H2621G,,,"@32.178502,35.227580",jos.19.29
House_of_the_Forest_of_Lebanon@1Ki.7.2,H1004K,,,"@31.777444,35.234935",1ki.7.2
Hukkok@Jos.19.34,H2712A,,,"@32.882153,35.496694",jos.19.34
Humtah@Jos.15.54,H2547,,,"@31.53577362133176,35.09409986578734",jos.15.54
Ibleam@Jos.17.11,H2991,,,"@32.45,35.2833",jos.17.11
Iconium@Act.13.51,G2430,,,"@37.88353038890398,32.4942625657248",act.13.51
Idalah@Jos.19.15,H3030,,,"@32.733333,35.166667",jos.19.15
Idumea@Mrk.3.8,G2401,,,"@30.734691,35.606250",mrk.3.8
Iim@Jos.15.29,H5864H,,,"@32.049953,35.733402",jos.15.29
Ijon@2Sa.24.6,H5859,,,"@33.32804402945069,35.61187505342423",2sa.24.6
Illyricum@Rom.15.19,G2437,,,"@43.515484,16.071538",rom.15.19
Immer@Ezr.2.59,H0564I,,,"@36.359410,43.152887",ezr.2.59
India@Est.1.1,H1912,,,"@22,77",est.1.1
Iphtah@Jos.15.43,H3316G,,,"@31.8099,34.9365",jos.15.43
Iphtahel_Valley@Jos.19.14,H3317,,,"@32.832774,35.277225",jos.19.14
Irpeel@Jos.18.27,H3416,,,"@31.869343,35.197712",jos.18.27
Italy@Act.18.2,G2482,,,"@41.9,12.48333333333333",act.18.2
Ithlah@Jos.19.42,H3494,,,"@31.823593,35.075769",jos.19.42
Ithnan@Jos.15.23,H3497,,,"@32.049953,35.733402",jos.15.23
Ituraea@Luk.3.1,G2484,,,"@33.41615982399708,35.85725617635589",luk.3.1
Iye-abarim@Num.21.11,H5863,,,"@31.49684513710609,35.78284105296996",num.21.11
Iyim@Num.33.45,H5864G,,,"@31.49684513710609,35.78284105296996",num.33.45
Jabbok@Gen.32.22,H2999,,,"@32.193237,35.676305",gen.32.22
Jabesh-gilead@Jdg.21.8,H3003G,,,"@32.37982175236296,35.61158746493092",jdg.21.8
Jabez@1Ch.2.55,H3258G,,,"@31.70536129174666,35.21026630105202",1ch.2.55
Jabneel@Jos.15.11,H2995G,,,"@31.865518,34.746856",jos.15.11
Jabneel@Jos.19.33,H2995H,,,"@32.700000,35.500000",jos.19.33
Jagur@Jos.15.21,H3017,,,"@31.1858,34.96745",jos.15.21
Jahaz@Num.21.23,H3096,,,"@31.50100308502659,35.92063125199366",num.21.23
Jair@Jos.13.30,H2971H,,,"@32.042523,35.724241",jos.13.30
Janim@Jos.15.53,H3241,,,"@31.516667,35.166667",jos.15.53
Janoah@2Ki.15.29,H3239A,,,"@32.155895,35.361606",2ki.15.29
Janoah@Jos.16.6,H3239B,,,"@33.260246,35.302915",jos.16.6
Japhia@Jos.19.12,H3309H,,,"@32.691633,35.274955",jos.19.12
Jarmuth@Jos.10.3,H3412G,,,"@31.70926894307416,34.96995387025439",jos.10.3
Jarmuth@Jos.21.29,H3412H,,,"@32.5559631396043,35.33078927843792",jos.21.29
Jattir@Jos.15.48,H3492,,,"@31.40143851886152,35.06941349210527",jos.15.48
Greece@Isa.66.19,H3120H,Javan@Gen.10.2,,"@37.95331433666365,27.36782511573013",isa.66.19
Jazer@Num.21.32,H3270G,,,"@31.94352951689796,35.72776961157128",num.21.32
Jazer_Sea@Jer.48.32,H3270H,,,"@31.94352951689796,35.72776961157128",jer.48.32
Jehud@Jos.19.45,H3055,,,"@32.033636,34.889599",jos.19.45
Jekabzeel@Neh.11.25,H3343,,,"@31.1858,34.96745",neh.11.25
Jericho@Num.22.1,H3405G,,,"@31.87060143818292,35.44386371224434",num.22.1
Jericho_Valley@Deu.34.3,H1237G,,,"@31.87060143818292,35.44386371224434",deu.34.3
Jeruel@2Ch.20.16,H3385,,,"@31.572903,35.406346",2ch.20.16
Jerusalem@Jos.10.1,H3389,,,"@31.777444,35.234935",jos.10.1
Jeshanah@2Ch.13.19,H3466G,,,"@31.980029,35.229709",2ch.13.19
Jeshimon@1Sa.23.19,H3452G,,,"@31.46152536164766,35.39241108242345",1sa.23.19
Jeshua@Neh.11.26,H3442M,,,"@31.162327,35.057114",neh.11.26
Jetur@1Ch.5.19,H3195H,,,"@33.41615982399708,35.85725617635589",1ch.5.19
Jezreel@Jos.15.56,H3157G,,,"@31.53577362133176,35.09409986578734",jos.15.56
Jezreel@Jos.19.18,H3157H,,,"@32.5559631396043,35.33078927843792",jos.19.18
Jezreel@2Sa.4.4,H3157I,,,"@32.5559631396043,35.33078927843792",2sa.4.4
Jezreel_Valley@Jos.17.16,H3157L,,,"@32.5559631396043,35.33078927843792",jos.17.16
Jogbehah@Num.32.35,H3011,,,"@32.028743,35.862887",num.32.35
Jokdeam@Jos.15.56,H3347,,,"@31.366667,35.000000",jos.15.56
Jokneam@Jos.12.22,H3362,,,"@32.66454576550823,35.10891818863304",jos.12.22
Joktheel@Jos.15.38,H3371G,,,"@31.56485056116292,34.8467256730566",jos.15.38
Joppa@Jos.19.46,H3305,,,"@32.05351968494696,34.75042606009946",jos.19.46
Jordan@Gen.13.10,H3383,,,"@32.309099,35.559900",gen.13.10
Jotbah@2Ki.21.19,H3192,,,"@29.75804307645581,35.0306017443078",2ki.21.19
Jotbathah@Num.33.33,H3193,,,"@29.75804307645581,35.0306017443078",num.33.33
Judea@Ezr.9.9,H3063N,,,"@31.777444,35.234935",ezr.9.9
Juttah@Jos.15.55,H3194,,,"@31.450000,35.083333",jos.15.55
Kabzeel@Jos.15.21,H6909,,,"@31.1858,34.96745",jos.15.21
Kadesh@2Sa.24.6,H8483,,,"@34.558327,36.522943",2sa.24.6
Kadesh-barnea@Num.32.8,H6946G,,,"@30.68771281376111,34.49479554246946",num.32.8
Kain@Num.24.22,H7014A,,,"@31.500000,35.166667",num.24.22
Kamon@Jdg.10.5,H7056,,,"@32.042523,35.724241",jdg.10.5
Kanah@Jos.16.8,H7071G,,,"@32.138219,35.038971",jos.16.8
Karka@Jos.15.3,H7173,,,"@30.958506,34.380500",jos.15.3
Karkor@Jdg.8.10,H7174,,,"@32.1843727808126,35.70287002746794",jdg.8.10
Kartan@Jos.21.32,H7178,,,"@33.125828,35.165000",jos.21.32
Kedemoth@Deu.2.26,H6932,,,"@31.646073,35.894537",deu.2.26
Kedesh@Jos.12.22,H6943G,,,"@33.11298357486105,35.53361334150225",jos.12.22
Kehelathah@Num.33.22,H6954,,,"@30.317396,35.407152",num.33.22
Keilah@Jos.15.44,H7084,Garmites@1Ch.4.19,,"@31.614175,35.002752",jos.15.44
Kenath@Num.21.30,H7079,,,"@32.756919,36.616400",num.21.30
Kerioth-hezron@Jos.15.25,H7152G,,,"@31.162327,35.057114",jos.15.25
Kibroth-hattaavah@Num.11.34,H6914,,,"@28.916667,34.500000",num.11.34
Kibzaim@Jos.21.22,H6911,,,"@31.833333,35.300000",jos.21.22
Kidron@2Sa.15.23,H6939,,,"@31.772134,35.236596",2sa.15.23
Kinah@Jos.15.22,H7016,,,"@31.1858,34.96745",jos.15.22
King's_Highway@Num.20.17,H4428I,,,"@31.18132579594509,35.70214779044711",num.20.17
King's_Valley@Gen.14.17,H4428L,,,"@31.777444,35.234935",gen.14.17
Kir@1Sa.22.3,H7024B,,,"@31.18132579594509,35.70214779044711",1sa.22.3
Kiriathaim@Gen.14.5,H7156G,,,"@31.58333333329998,35.70000000000012",gen.14.5
Kiriathaim@1Ch.6.76,H7156I,,,"@33.125828,35.165000",1ch.6.76
Kiriath-huzoth@Num.22.39,H7155,,,"@31.76503129703305,35.71856575741812",num.22.39
Kiriath-jearim@Jos.9.17,H7157,,,"@31.771104,34.993812",jos.9.17
Kishion@Jos.19.20,H7191,,,"@32.559061,35.246206",jos.19.20
Kishon@Jdg.4.7,H7028,,,"@32.761948,35.064096",jdg.4.7
Kitron@Jdg.1.30,H7003,,,"@32.753141,35.279335",jdg.1.30
Koa@Ezk.23.23,H6970,,,"@34.798311,48.514966",ezk.23.23
Kue@1Ki.10.28,H4723A,,,"@36.91802695356275,34.89153398422567",1ki.10.28
Laban@Deu.1.1,H3837B,,,"@31.8099,34.9365",deu.1.1
Lachish@Jos.10.3,H3923,,,"@31.56485056116292,34.8467256730566",jos.10.3
Lahmam@Jos.15.40,H3903,,,"@31.566667,34.900000",jos.15.40
Laishah@Isa.10.30,H3919C,,,"@31.800000,35.250000",isa.10.30
Lakkum@Jos.19.33,H3946,,,"@32.68695640243183,35.39091304299688",jos.19.33
Laodicea@Col.2.1,G2993,,,"@37.76986723761415,29.06450110237073",col.2.1
Lasea@Act.27.8,G2996,,,"@34.93491734364034,24.80919899172515",act.27.8
Lasha@Gen.10.19,H3962,,,"@31.718148,35.584826",gen.10.19
Lasharon@Jos.12.18,H8289G,,,"@32.725440,35.467002",jos.12.18
Lebanon@Deu.1.7,H3844G,,,"@33.752479,35.590804",deu.1.7
Lebanon_Mount@Jdg.3.3,H3844H,,,"@33.752479,35.590804",jdg.3.3
Lebanon_Valley@Jos.11.17,H3844I,,,"@0,14z",jos.11.17
Lebaoth@Jos.15.32,H3822,,,"@31.391668,34.940502",jos.15.32
Leb-kamai@Jer.51.1,H3820B,,,"@30.9620520474569,46.10374195774169",jer.51.1
Lebonah@Jdg.21.19,H3829,,,"@32.070770,35.239871",jdg.21.19
Lehi@Jdg.15.9,H3896,,,"@31.75274835811488,34.97660913147738",jdg.15.9
Libnah@Num.33.20,H3841G,,,"@31.8099,34.9365",num.33.20
Libnah@Jos.10.29,H3841H,,,"@31.56485056116292,34.8467256730566",jos.10.29
Libya@2Ch.12.3,H3864,,,"@32.824979,21.858301",2ch.12.3
Lod@1Ch.8.12,H3850,,,"@31.95138888888889,34.89527777777778",1ch.8.12
Lo-debar@Jos.13.26,H3810,,,"@32.662488,35.783568",jos.13.26
Luhith@Isa.15.5,H3872,,,"@31.288056,35.515000",isa.15.5
Luz@Jdg.1.26,H3870G,,,"@37,36.57",jdg.1.26
Lycaonia@Act.14.6,G3071,,,"@37.88353038890398,32.4942625657248",act.14.6
Lycia@Act.27.5,G3073,,,"@36.27471786927205,29.3186378339052",act.27.5
Lystra@Act.14.6,G3082,,,"@37.57813498250009,32.45318282875567",act.14.6
Maacah@Jos.13.13,H4601R,,,"@33.2,36.5",jos.13.13
Maarath@Jos.15.59,H4638,,,"@31.621003,35.102328",jos.15.59
Maareh-geba@Jdg.20.33,H4629G,,,"@31.82378102460309,35.23100936128631",jdg.20.33
Macedonia@Act.16.9,G3109,,,"@40.632155565205,22.9320868699276",act.16.9
Machpelah@Gen.23.9,H4375,,,"@31.52464794555393,35.11073465087356",gen.23.9
Madmannah@Jos.15.31,H4089G,,,"@31.391668,34.940502",jos.15.31
Madmen@Jer.48.2,H4086,,,"@0,14z",jer.48.2
Madmenah@Isa.10.31,H4088,,,"@31.800000,35.250000",isa.10.31
Madon@Jos.11.1,H4068,,,"@32.799879,35.459506",jos.11.1
Magadan@Mat.15.39,G3093,,,"@32.84733494629723,35.5229361797708",mat.15.39
Magbish@Ezr.2.30,H4019,,,"@0,14z",ezr.2.30
Magog@Ezk.38.2,H4031H,Magog@Gen.10.2,,"@46,47",ezk.38.2
Mahanaim@Gen.32.2,H4266,,,"@32.214708,35.632914",gen.32.2
Mahaneh-dan@Jdg.13.25,H4265,,,"@31.758315,34.994252",jdg.13.25
Makaz@1Ki.4.9,H4739,,,"@31.870364,34.981728",1ki.4.9
Makheloth@Num.33.25,H4722,,,"@30.317396,35.407152",num.33.25
Makkedah@Jos.10.10,H4719,,,"@31.935117,34.781326",jos.10.10
Malta@Act.28.1,G3194,,,"@35.85282675242785,14.53243601407711",act.28.1
Mamre@Gen.13.18,H4471G,,,"@31.54909871686872,35.09356062020027",gen.13.18
Manahath@Jdg.20.43,H4506A,,,"@31.752603,35.181972",jdg.20.43
Maon@Jos.15.55,H4584G,,,"@31.41666666666668,35.1166666666667",jos.15.55
Marah@Exo.15.23,H4785,,,"@29.350000,32.933333",exo.15.23
Mareal@Jos.19.11,H4831,,,"@32.697409,35.241789",jos.19.11
Mareshah@Jos.15.44,H4762G,,,"@31.60393321295081,34.90237777777779",jos.15.44
Maroth@Mic.1.12,H4796,,,"@31.743719,34.694006",mic.1.12
Mashal@1Ch.6.74,H4913,,,"@33.047808,35.146201",1ch.6.74
Masrekah@Gen.36.36,H4957,,,"@30.734691,35.606250",gen.36.36
Massah@Exo.17.7,H4532,,,"@28.73106102564323,33.84169995726504",exo.17.7
Mattanah@Num.21.18,H4980,,,"@31.718148,35.584826",num.21.18
Mearah@Jos.13.4,H4632,,,"@33.633333,35.433333",jos.13.4
Meconah@Neh.11.28,H4368,,,"@31.370835,34.860665",neh.11.28
Medeba@Num.21.30,H4311,,,"@31.72045763248588,35.79197231962891",num.21.30
Media@Ezr.6.2,H4074H,,,"@34.798311,48.514966",ezr.6.2
Megiddo@Jos.12.21,H4023,,,"@32.58418313614938,35.18229165870594",jos.12.21
Me-jarkon@Jos.19.46,H4313,,,"@32.132898,34.788144",jos.19.46
Memphis@Isa.19.13,H5297,,,"@29.849632,31.253958",isa.19.13
Mephaath@Jos.13.18,H4158,,,"@31.850000,35.933333",jos.13.18
Meribah@Exo.17.7,H4809G,,,"@28.73106102564323,33.84169995726504",exo.17.7
Meribah@Num.20.13,H4809H,,,"@30.68771281376111,34.49479554246946",num.20.13
Meribah-kadesh@Deu.32.51,H4809I,,,"@30.68771281376111,34.49479554246946",deu.32.51
Merom@Jos.11.5,H4792,,,"@33.075269,35.605480",jos.11.5
Meronothite@1Ch.27.30,H4824,,,"@0,14z",1ch.27.30
Meroz@Jdg.5.23,H4789,,,"@32.68695640243183,35.39091304299688",jdg.5.23
Mesha@Gen.10.30,H4852,,,"@28.857260,34.859127",gen.10.30
Meshech@Psa.120.5,H4902H,Meshech@Gen.10.2,,"@46,47",psa.120.5
Meshech-Tubal@Ezk.32.26,H4902I,,,"@46,47",ezk.32.26
Mesopotamia@Gen.24.10,H0763G,,,"@32.53650368616845,44.42088287373876",gen.24.10
Michmash@1Sa.13.2,H4363,,,"@31.87018434231688,35.27923581936973",1sa.13.2
Michmethath@Jos.16.6,H4366,,,"@32.183333,35.283333",jos.16.6
Middin@Jos.15.61,H4081,,,"@31.743894,35.401591",jos.15.61
Midian@Gen.36.35,H4080H,Midian@Gen.25.2,,"@28.932881,34.90832",gen.36.35
Migdal-el@Jos.19.38,H4027,,,"@33.232131,35.362942",jos.19.38
Migdal-gad@Jos.15.37,H4028,,,"@31.666667,34.583333",jos.15.37
Migdol@Exo.14.2,H4024B,,,"@30.020296,32.372233",exo.14.2
Migron@1Sa.14.2,H4051,,,"@31.82378102460309,35.23100936128631",1sa.14.2
Miletus@Act.20.15,G3399,,,"@37.5,27.3",act.20.15
Millo@2Sa.5.9,H4407,,,"@31.777444,35.234935",2sa.5.9
Minni@Jer.51.27,H4508,,,"@40.6,44.6",jer.51.27
Minnith@Jdg.11.33,H4511,,,"@31.750000,35.850000",jdg.11.33
Mishal@Jos.19.26,H4861,,,"@33.047808,35.146201",jos.19.26
Misrephoth-maim@Jos.11.8,H4956,,,"@33.118952,35.139434",jos.11.8
Mithkah@Num.33.28,H4989,,,"@30.317396,35.407152",num.33.28
Mitylene@Act.20.14,G3412,,,"@39.10033557286295,26.55180477541001",act.20.14
Mizar_Mount@Psa.42.6,H4706,,,"@33.41615982399708,35.85725617635589",psa.42.6
Mizpah@Jdg.20.1,H4709G,,,"@31.83273947023218,35.1801628605877",jdg.20.1
Mizpeh@Jos.15.38,H4708G,,,"@31.56485056116292,34.8467256730566",jos.15.38
Mizpeh_Valley@Jos.11.8,H4709I,,,"@33.281770,35.573371",jos.11.8
Moab@Gen.36.35,H4124G,Moab@Gen.19.37,,"@31.49684513710609,35.78284105296996",gen.36.35
Moab_Plains@Num.22.1,H4124I,,,"@0,14z",num.22.1
Moladah@Jos.15.26,H4137,,,"@31.162327,35.057114",jos.15.26
Moreh@Gen.12.6,H4176G,,,"@32.21369123124062,35.2817986718367",gen.12.6
Moreh@Jdg.7.1,H4176H,,,"@32.61773063505183,35.35737645291343",jdg.7.1
Moresheth@Jer.26.18,H4183,,,"@31.60393321295081,34.90237777777779",jer.26.18
Moresheth-gath@Mic.1.14,H4182,,,"@31.60393321295081,34.90237777777779",mic.1.14
Moriah_Mount@Gen.22.2,H4179,,,"@31.77759385009378,35.23525140955081",gen.22.2
Mortar@Zep.1.11,H4389,,,"@31.777444,35.234935",zep.1.11
Moserah@Deu.10.6,H4149A,,,"@30.317396,35.407152",deu.10.6
Moseroth@Num.33.30,H4149B,,,"@30.317396,35.407152",num.33.30
Most_Holy_Place@1Ki.6.16,H6944H,,,"@31.777444,35.234935",1ki.6.16
Mozah@Jos.18.26,H4681,,,"@31.802641,35.158376",jos.18.26
Muster_Gate@Neh.3.31,H4662G,,,"@31.777444,35.234935",neh.3.31
Myra@Act.27.5,G3460,,,"@36.2307717908834,30.01145882074154",act.27.5
Mysia@Act.16.7,G3465,,,"@39.50664305923271,26.08059270470616",act.16.7
Naamah@Jos.15.41,H5279B,,,"@31.871782,34.871894",jos.15.41
Naaran@Jos.16.7,H5295,,,"@31.949518,35.458730",jos.16.7
Nahalol@Jdg.1.30,H5096,,,"@32.722209,35.352820",jdg.1.30
Nain@Luk.7.11,G3484,,,"@32.63083336680386,35.34782689102158",luk.7.11
Naioth@1Sa.19.18,H5121,,,"@31.83273947023218,35.1801628605877",1sa.19.18
Naphath@Jos.17.11,H5316G,,,"@32.58418313614938,35.18229165870594",jos.17.11
Nazareth@Mat.2.23,G3478,,,"@32.70674542474383,35.30152807767973",mat.2.23
Neapolis@Act.16.11,G3496,,,"@40.94413199321298,24.41767995412326",act.16.11
Neballat@Neh.11.34,H5041,,,"@31.992079,34.957563",neh.11.34
Nebo@Num.32.3,H5015A,,,"@31.748024,35.743257",num.32.3
Nebo@Ezr.2.29,H5015G,,,"@31.606256,35.037417",ezr.2.29
Nebo_Mount@Deu.32.49,H5015H,,,"@31.76135780447535,35.74614824478083",deu.32.49
Negeb@Gen.12.9,H5045G,,,"@30.3,34.2",gen.12.9
Neiel@Jos.19.27,H5272,,,"@32.894254,35.221877",jos.19.27
Nephtoah@Jos.15.9,H5318,,,"@31.683036,35.167987",jos.15.9
Netaim@1Ch.4.23,H5196,,,"@31.823337,34.777779",1ch.4.23
Netophah@2Sa.23.28,H5199,,,"@31.735465,35.220503",2sa.23.28
New_Gate@Jer.26.10,H2319G,,,"@31.777444,35.234935",jer.26.10
Nezib@Jos.15.43,H5334,,,"@31.588050,34.992389",jos.15.43
Nibshan@Jos.15.62,H5044,,,"@31.46152536164766,35.39241108242345",jos.15.62
Nicopolis@Tit.3.12,G3533,,,"@39.024033,20.735730",tit.3.12
Nile@Gen.41.1,H2975G,,,"@30.092632,31.230987",gen.41.1
Nimrim@Isa.15.6,H5249,,,"@31.133191,35.531138",isa.15.6
Nineveh@Gen.10.11,H5210,,,"@36.359410,43.152887",gen.10.11
Nob@1Sa.21.1,H5011,,,"@31.799605,35.232980",1sa.21.1
Nod@Gen.4.16,H5113,,,"@0,14z",gen.4.16
Oboth@Num.21.10,H0088,,,"@31.49684513710609,35.78284105296996",num.21.10
Olives_Mount@2Sa.15.30,H2132G,,,"@31.77809503341373,35.2471976093501",2sa.15.30
On@Gen.41.45,H0204,,,"@30.108086,31.338220",gen.41.45
Ono@1Ch.8.12,H0207,,,"@32.02222222222223,34.86666666666667",1ch.8.12
Ophel@2Ch.27.3,H6077,,,"@31.777444,35.234935",2ch.27.3
Ophir@1Ki.9.28,H0211H,Ophir@Gen.10.29,,"@22,77",1ki.9.28
Ophni@Jos.18.24,H6078,,,"@31.961989,35.215483",jos.18.24
Ophrah@Jos.18.23,H6084G,,,"@31.95378955858199,35.29913577541004",jos.18.23
Ophrah@Jdg.6.11,H6084H,,,"@32.60868269540592,35.28826433084549",jdg.6.11
Pacatiana@1Ti.6.21,G3818,,,"@0,14z",1ti.6.21
Paddan-aram@Gen.25.20,H6307,Aram@Gen.10.22,,"@36.86386407659651,39.03219672227345",gen.25.20
Pamphylia@Act.2.10,G3828,,,"@37.00520811721595,30.90494591606115",act.2.10
Paphos@Act.13.6,G3974,,,"@34.75410576175517,32.40016213313376",act.13.6
Parah@Jos.18.23,H6511,,,"@31.833333,35.300000",jos.18.23
Paran@Gen.21.21,H6290G,,,"@29.151667,33.541944",gen.21.21
Paran_Mount@Deu.33.2,H6290H,,,"@29.151667,33.541944",deu.33.2
Parbar@1Ch.26.18,H6503,Word sometimes translated as a place,,"@0,14z",1ch.26.18
Perez-uzza@1Ch.13.11,H6560G,,,"@31.777444,35.234935",1ch.13.11
Parvaim@2Ch.3.6,H6516,,,"@0,14z",2ch.3.6
Patara@Act.21.1,G3959,,,"@36.27471786927205,29.3186378339052",act.21.1
Pathros@Isa.11.11,H6624,,,"@28.322364,30.692312",isa.11.11
Patmos@Rev.1.9,G3963,,,"@37.307520,26.548274",rev.1.9
Pau@Gen.36.39,H6464,,,"@30.734691,35.606250",gen.36.39
Pelusium@Ezk.30.15,H5512A,,,"@28.838778,33.420573",ezk.30.15
Peniel@Gen.32.30,H6439G,,,"@32.1843727808126,35.70287002746794",gen.32.30
People's_Gate@Jer.17.19,H5971H,,,"@31.777444,35.234935",jer.17.19
Peor@Num.23.28,H6465,,,"@31.76503129703305,35.71856575741812",num.23.28
Perazim_Mount@Isa.28.21,H6559,,,"@31.756332,35.223059",isa.28.21
Perga@Act.13.13,G4011,,,"@37.00520811721595,30.90494591606115",act.13.13
Pergamum@Rev.1.11,G4010,,,"@39.11894592031751,27.16512610475739",rev.1.11
Persia@2Ch.36.20,H6539,,,"@34.798311,48.514966",2ch.36.20
Pethor@Num.22.5,H6604,,,"@36.654616,38.068879",num.22.5
Pharpar@2Ki.5.12,H6554,,,"@33.379601,36.306085",2ki.5.12
Philadelphia@Rev.1.11,G5359,,,"@38.34904803135629,28.51946209047604",rev.1.11
Philippi@Act.16.12,G5375,,,"@41.0119594798466,24.28619097780519",act.16.12
Philistine@Gen.21.32,H6429,Philistine@Gen.10.14,,"@33.56316734135746,35.36634649354799",gen.21.32
Phoenicia@Act.11.19,G5403,,,"@33.56316734135746,35.36634649354799",act.11.19
Phoenix@Act.27.12,G5405,,,"@35.1988857652248,24.08098202270813",act.27.12
Phrygia@Act.2.10,G5435,,,"@37.76986723761415,29.06450110237073",act.2.10
Pi-beseth@Ezk.30.17,H6364,,,"@30.583333,31.500000",ezk.30.17
Pi-hahiroth@Exo.14.2,H6367,,,"@29.94658,32.425144",exo.14.2
Pirathon@Jdg.12.15,H6552,,,"@32.286022,35.022944",jdg.12.15
Pisgah@Num.21.20,H6449,,,"@31.76503129703305,35.71856575741812",num.21.20
Pishon@Gen.2.11,H6376,,,"@0,14z",gen.2.11
Pisidia@Act.13.14,G4099,,,"@38.31643056393041,31.17948683048973",act.13.14
Pithom@Exo.1.11,H6619,,,"@30.59385132817632,32.18555803140015",exo.1.11
Pontus@Act.2.9,G4195,,,"@40.905222,37.799969",act.2.9
Potsherd_Gate@Jer.19.2,H2777,,,"@31.777444,35.234935",jer.19.2
Punon@Num.33.42,H6325,,,"@31.49684513710609,35.78284105296996",num.33.42
Put@Isa.66.19,H6316H,,,"@32.824979,21.858301",isa.66.19
Puteoli@Act.28.13,G4223,,,"@40.83563065297087,14.2677438666742",act.28.13
Raamah@Ezk.27.22,H7484H,,,"@15.68,42.78",ezk.27.22
Raamses@Exo.1.11,H7486H,,,"@30.59385132817632,32.18555803140015",exo.1.11
Rabbith@Jos.19.20,H7245,,,"@32.391416,35.377302",jos.19.20
Rakkon@Jos.19.46,H7542,,,"@32.132898,34.788144",jos.19.46
Ramah@Jos.18.25,H7414G,,,"@31.89637863532434,35.20173068977705",jos.18.25
Ramah@Jos.19.29,H7414H,,,"@33.111078,35.310464",jos.19.29
Ramah@Jos.19.36,H7414I,,,"@32.939010,35.368123",jos.19.36
Ramath-lehi@Jdg.15.17,H7437,,,"@31.75274835811488,34.97660913147738",jdg.15.17
Rameses@Gen.47.11,H7486G,,,"@30.799370210096,31.834216685474",gen.47.11
Ramoth@1Ch.6.73,H7216G,,,"@32.5559631396043,35.33078927843792",1ch.6.73
Ramoth-gilead@Gen.31.47,H7433,,,"@32.56526757366849,36.00555930879645",gen.31.47
Recah@1Ch.4.12,H7397B,,,"@31.70536129174666,35.21026630105202",1ch.4.12
Red_Sea@Exo.10.19,H5488G,,,"@27.088473,34.771729",exo.10.19
Rehob@Jos.19.28,H7340G,,,"@33.125828,35.165000",jos.19.28
Rehob@Jos.19.30,H7340H,,,"@32.955448,35.211971",jos.19.30
Rehoboth@Gen.26.22,H7344G,,,"@31.066829,34.597830",gen.26.22
Rehoboth@Gen.36.37,H7344H,,,"@30.884128,35.897633",gen.36.37
Rekem@Jos.18.27,H7552H,,,"@31.869343,35.197712",jos.18.27
Remeth@Jos.19.21,H7432,,,"@32.5559631396043,35.33078927843792",jos.19.21
Rephaim_Valley@Jos.15.8,H7497G,,,"@31.756332,35.223059",jos.15.8
Rephidim@Exo.17.1,H7508,,,"@28.73106102564323,33.84169995726504",exo.17.1
Resen@Gen.10.12,H7449,,,"@36.359410,43.152887",gen.10.12
Rezeph@2Ki.19.12,H7530,,,"@35.950000,39.016667",2ki.19.12
Rhegium@Act.28.13,G4484,,,"@38.11158003147303,15.64327902497161",act.28.13
Rhodes@Act.21.1,G4499,,,"@36.44192632910195,28.22672173336723",act.21.1
Riblah@Num.34.11,H7247G,,,"@34.353071,36.385705",num.34.11
Riblah@2Ki.23.33,H7247H,,,"@34.431703,36.545259",2ki.23.33
Rimmon@Jdg.20.45,H7417C,,,"@31.934660,35.297063",jdg.20.45
Rimmon-perez@Num.33.19,H7428,,,"@31.8099,34.9365",num.33.19
Rissah@Num.33.21,H7446,,,"@30.317396,35.407152",num.33.21
Rithmah@Num.33.18,H7575,,,"@31.8099,34.9365",num.33.18
Rock_of_Escape@1Sa.23.28,H5555,,,"@31.41666666666668,35.1166666666667",1sa.23.28
Rogelim@2Sa.17.27,H7274,,,"@32.214708,35.632914",2sa.17.27
Rome@Jhn.11.48,G4514,,,"@41.9,12.48333333333333",jhn.11.48
Sahar@Ezk.27.18,H6713,,,"@33.664912,36.248576",ezk.27.18
Salamis@Act.13.5,G4529,,,"@35.17724606944397,33.90755212865949",act.13.5
Salecah@Deu.3.10,H5548,,,"@32.493941,36.710337",deu.3.10
Salim@Jhn.3.23,G4530,,,"@32.39933414034645,35.52644309698702",jhn.3.23
Salmone@Act.27.7,G4534,,,"@35.21229729880597,26.27449174374278",act.27.7
Salt_Sea@Gen.14.3,H4417G,,,"@31.538593,35.482268",gen.14.3
Salt_Valley@2Sa.8.13,H4417H,,,"@31.087328,35.383740",2sa.8.13
Samaria@1Ki.13.32,H8111,,,"@32.28023100000001,35.19792900000002",1ki.13.32
Samos@Act.20.15,G4544,,,"@37.715172,26.934167",act.20.15
Samothrace@Act.16.11,G4543,,,"@40.467279,25.486069",act.16.11
Sansannah@Jos.15.31,H5578,,,"@31.391668,34.940502",jos.15.31
Sardis@Oba.1.20,H5614,,,"@38.47682690345803,28.11413118732089",oba.1.20
Sarid@Jos.19.10,H8301,,,"@32.68978573733861,35.19666870006055",jos.19.10
Seba@Psa.72.10,H5434H,Seba@Gen.10.7,,"@9.022736,38.746799",psa.72.10
Sebam@Num.32.3,H7643G,,,"@31.815283,35.766738",num.32.3
Secacah@Jos.15.61,H5527,,,"@31.766667,35.283333",jos.15.61
Second_Quarter@2Ki.22.14,H4932G,,,"@31.777444,35.234935",2ki.22.14
Secu@1Sa.19.22,H7906,,,"@31.883333,35.200000",1sa.19.22
Seir@Gen.14.6,H8165A,Seir@Gen.36.20,,"@30.734691,35.606250",gen.14.6
Seir_Mount@Deu.1.2,H8165G,,,"@30.734691,35.606250",deu.1.2
Seir_Mount@Jos.15.10,H8165H,,,"@31.783333,34.994000",jos.15.10
Seirah@Jdg.3.26,H8167,,,"@31.93053920580005,35.22103274923676",jdg.3.26
Sela@Jdg.1.36,H5554,,,"@30.32243571223214,35.45627946919968",jdg.1.36
Seleucia@Act.13.4,G4581,,,"@36.11101750333098,35.92680788324002",act.13.4
Senaah@Ezr.2.35,H5570G,,,"@0,14z",ezr.2.35
Seneh@1Sa.14.4,H5573,,,"@31.85309428405443,35.28616916703533",1sa.14.4
Sephar@Gen.10.30,H5611,,,"@14.550219,44.392642",gen.10.30
Sepharvaim@2Ki.17.24,H5617,,,"@33.789693,44.459399",2ki.17.24
Shaalbim@Jdg.1.35,H8169,,,"@31.870364,34.981728",jdg.1.35
Shaalim@1Sa.9.4,H8171,,,"@31.84684772753698,35.18491237777512",1sa.9.4
Shaaraim@Jos.15.36,H8189G,,,"@31.7001,34.89532",jos.15.36
Shahazumah@Jos.19.22,H7831,,,"@32.406430,35.504628",jos.19.22
Shalishah@1Sa.9.4,H8031,,,"@31.84684772753698,35.18491237777512",1sa.9.4
Shallecheth@1Ch.26.16,H7996,,,"@31.777444,35.234935",1ch.26.16
Shamir@Jos.15.48,H8069G,,,"@31.416667,34.933333",jos.15.48
Shamir@Jdg.10.1,H8069H,,,"@32.360470,35.250054",jdg.10.1
Shaphir@Mic.1.11,H8208,,,"@31.743719,34.694006",mic.1.11
Sharon@1Ch.5.16,H8289H,,,"@33.41615982399708,35.85725617635589",1ch.5.16
Sharon@1Ch.27.29,H8289I,,,"@32.639068,34.945929",1ch.27.29
Sharuhen@Jos.19.6,H8287,,,"@31.282222,34.482500",jos.19.6
Shaveh@Gen.14.5,H7740,,,"@31.58333333329998,35.70000000000012",gen.14.5
Sheba@1Ki.10.1,H7614J,Sheba@Gen.10.7,,"@9.022736,38.746799",1ki.10.1
Shebarim@Jos.7.5,H7671,,,"@31.91697811712517,35.26122639380886",jos.7.5
Shechem@Gen.12.6,H7927G,Shechem@Gen.33.19,,"@32.21369123124062,35.2817986718367",gen.12.6
Sheep_Gate@Neh.3.1,H6629H,,,"@31.777444,35.234935",neh.3.1
Shema@Jos.15.26,H8090,,,"@31.162327,35.057114",jos.15.26
Shen@1Sa.7.12,H8129,,,"@31.83273947023218,35.1801628605877",1sa.7.12
Shepham@Num.34.10,H8221,,,"@34.353071,36.385705",num.34.10
Shephelah@Deu.1.7,H8219,,,"@31.77761410537458,34.85214575880509",deu.1.7
Shepher_Mount@Num.33.23,H8234,,,"@30.317396,35.407152",num.33.23
Shihor-libnath@Jos.19.26,H7884,,,"@32.538496,34.907697",jos.19.26
Shikkeron@Jos.15.11,H7942,,,"@31.77761410537458,34.85214575880509",jos.15.11
Shiloh@Jos.18.1,H7887,,,"@32.05570050712985,35.28952869712683",jos.18.1
Shimron@Jos.11.1,H8110A,,,"@32.70528895585606,35.21333285757741",jos.11.1
Shinar@Gen.10.10,H8152,,,"@32.53650368616845,44.42088287373876",gen.10.10
Shion@Jos.19.19,H7866,,,"@32.716666,35.333334",jos.19.19
Shittim_Valley@Jol.3.18,H7851H,,,"@31.85826217905818,35.64156652792805",jol.3.18
Shoa@Ezk.23.23,H7772,,,"@34.798311,48.514966",ezk.23.23
Shual@1Sa.13.17,H7777A,,,"@31.95378955858199,35.29913577541004",1sa.13.17
Shunem@Jos.19.18,H7766,,,"@32.60563102234625,35.33430585716489",jos.19.18
Shur@Gen.16.7,H7793,,,"@30.2354,33.247",gen.16.7
Sibmah@Num.32.38,H7643H,,,"@31.815283,35.766738",num.32.38
Sibraim@Ezk.47.16,H5453,,,"@35.136204,36.749488",ezk.47.16
Siddim_Valley@Gen.14.3,H7708,,,"@31.235341,35.517624",gen.14.3
Sidon@Gen.10.19,H6721H,Sidon@Gen.10.15,,"@33.56316734135746,35.36634649354799",gen.10.19
Silla@2Ki.12.20,H5538,,,"@31.777444,35.234935",2ki.12.20
Siloam@Neh.3.15,H7975A,,,"@31.777444,35.234935",neh.3.15
Sin@Exo.16.1,H5512B,,,"@28.838778,33.420573",exo.16.1
Sinai@Exo.19.11,H5514G,,,"@28.539722,33.973333",exo.19.11
Sinai_Wilderness@Exo.19.1,H4057G,,,"@0,14z",exo.19.1
Siphmoth@1Sa.30.28,H8224,,,"@31.373521,35.074552",1sa.30.28
Sirah@2Sa.3.26,H5626,,,"@31.55,35.1",2sa.3.26
Sitnah@Gen.26.21,H7856,,,"@31.39129109635703,34.56057015639144",gen.26.21
Smyrna@Rev.1.11,G4667,,,"@38.45196037886051,27.16192104844777",rev.1.11
Socoh@Jos.15.35,H7755G,,,"@31.68123465358001,34.97639817516712",jos.15.35
Socoh@Jos.15.48,H7755H,,,"@31.41666959977098,34.96667012280085",jos.15.48
Sodom@Gen.10.19,H5467,,,"@31.19656033132318,35.39648411813492",gen.10.19
Solomon's_Portico@Act.3.11,G4672H,,,"@31.777444,35.234935",act.3.11
Sorek_Valley@Jdg.16.4,H7796,,,"@31.825731,34.989013",jdg.16.4
Spain@Rom.15.24,G4681,,,"@40.481391,-3.175332",rom.15.24
Straight@Act.9.11,G2117,,,"@33.519299,36.31344999999999",act.9.11
Succoth@Gen.33.17,H5523G,,,"@32.19998298531073,35.63331303389634",gen.33.17
Succoth@Exo.12.37,H5523H,,,"@30.62077414398056,32.25869322351544",exo.12.37
Suph@Deu.1.1,H5489,,,"@27.088473,34.771729",deu.1.1
Suphah@Num.21.14,H5492B,,,"@27.088473,34.771729",num.21.14
Sur@2Ki.11.6,H5495,,,"@31.777444,35.234935",2ki.11.6
Susa@Ezr.4.9,H7800,,,"@32.18919123705116,48.25788647687722",ezr.4.9
Sychar@Jhn.4.5,G4965,,,"@32.20307656686443,35.31192106402537",jhn.4.5
Syene@Isa.49.12,H5482,,,"@24.066181,32.895862",isa.49.12
Syracuse@Act.28.12,G4946,,,"@37.06823247873927,15.2948238829937",act.28.12
Syria@Jdg.10.6,H0758I,Aram@Gen.10.22,,"@33.519299,36.31344999999999",jdg.10.6
Syrtis@Act.27.17,G4950,,,"@31.766667,18.505556",act.27.17
Taanach@Jos.12.21,H8590,,,"@32.51723975501718,35.21632508826309",jos.12.21
Taanath-shiloh@Jos.16.6,H8387,,,"@32.150000,35.383333",jos.16.6
Tabbath@Jdg.7.22,H2888,,,"@32.356010,35.536929",jdg.7.22
Taberah@Num.11.3,H8404,,,"@28.916667,34.500000",num.11.3
Tabor@1Sa.10.3,H8396H,,,"@31.93053920580005,35.22103274923676",1sa.10.3
Tabor_Mount@Jdg.4.6,H8396G,,,"@32.68695640243183,35.39091304299688",jdg.4.6
Tadmor@1Ki.9.18,H8412,,,"@34.5540491686839,38.26590497164145",1ki.9.18
Tahath@Num.33.26,H8480G,,,"@30.317396,35.407152",num.33.26
Tahpanhes@Jer.2.16,H8471,,,"@30.860556,32.171389",jer.2.16
Tamar@Ezk.47.18,H8559J,,,"@31.024923,35.064154",ezk.47.18
Tappuah@Jos.12.17,H8599B,,,"@32.11666666666667,35.23333333333333",jos.12.17
Tappuah@Jos.15.34,H8599G,,,"@32.15,35.1260",jos.15.34
Taralah@Jos.18.27,H8634,,,"@31.792733,35.196862",jos.18.27
Tarshish@1Ki.10.22,H8659H,Tarshish@Gen.10.4,,"@36.95299512880268,-6.379340234132555",1ki.10.22
Tarsus@Act.9.11,G5019,,,"@36.91802695356275,34.89153398422567",act.9.11
Tekoa@2Sa.14.2,H8620,,,"@31.63622127191993,35.21407721824517",2sa.14.2
Tel-abib@Ezk.3.15,H8512,,,"@32.127213,45.229995",ezk.3.15
Telaim@1Sa.15.4,H2923,,,"@32.049953,35.733402",1sa.15.4
Telassar@2Ki.19.12,H8515,,,"@32.18919123705116,48.25788647687722",2ki.19.12
Telem@Jos.15.24,H2928G,,,"@32.049953,35.733402",jos.15.24
Tel-harsha@Ezr.2.59,H8521,,,"@32.127213,45.229995",ezr.2.59
Tel-melah@Ezr.2.59,H8528,,,"@32.127213,45.229995",ezr.2.59
Tema@Job.6.19,H8485H,Tema@Gen.25.15,,"@27.633172,38.554125",job.6.19
Teman@Gen.36.34,H8487H,Teman@Gen.36.11,,"@30.203813,35.732568",gen.36.34
Terah@Num.33.27,H8646H,,,"@30.317396,35.407152",num.33.27
Thebes@Jer.46.25,H4996,,,"@25.700025,32.639441",jer.46.25
Thebez@Jdg.9.50,H8405,,,"@32.3241024517848,35.36825275634464",jdg.9.50
Thessalonica@Act.17.1,G2332,,,"@40.632155565205,22.9320868699276",act.17.1
Three_Taverns@Act.28.15,G5140,,,"@41.591320,12.828636",act.28.15
Thyatira@Act.16.14,G2363,,,"@38.92579128786831,27.85655574592795",act.16.14
Tiberias@Jos.19.35,H7557,,,"@32.79553799444466,35.52922039819518",jos.19.35
Tibhath@1Ch.18.8,H2880,,,"@33.931480,36.152049",1ch.18.8
Tigris@Gen.2.14,H2313,,,"@35.983343,43.346466",gen.2.14
Timnah@Gen.38.12,H8553G,,,"@31.784368,34.909680",gen.38.12
Timnah@Jos.15.57,H8553H,,,"@31.699323,35.040359",jos.15.57
Timnath-heres@Jdg.2.9,H8556A,,,"@32.121473,35.150392",jdg.2.9
Tiphsah@1Ki.4.24,H8607G,,,"@35.847967,38.732350",1ki.4.24
Tiphsah@2Ki.15.16,H8607H,,,"@32.166667,35.166667",2ki.15.16
Tirzah@Jos.12.24,H8656H,,,"@32.27136869937776,35.29430386845415",jos.12.24
Tishbe@1Ki.17.1,H8453B,,,"@33.01718199667929,35.56804856758258",1ki.17.1
Tob@Jdg.11.3,H2897,,,"@32.561735,36.240494",jdg.11.3
Tochen@1Ch.4.32,H8507,,,"@31.8099,34.9365",1ch.4.32
Tolad@1Ch.4.29,H8434,,,"@32.049953,35.733402",1ch.4.29
Tophel@Deu.1.1,H8603,,,"@30.936991,35.616870",deu.1.1
Tower_of_Eder@Gen.35.21,H4029,,,"@31.70536129174666,35.21026630105202",gen.35.21
Tower_of_Hananel@Neh.3.1,H2606,,,"@31.777444,35.234935",neh.3.1
Tower_of_the_Hundred@Neh.3.1,H4026H,,,"@31.777444,35.234935",neh.3.1
Tower_of_the_Ovens@Neh.3.11,H4026I,,,"@31.777444,35.234935",neh.3.11
Trachonitis@Luk.3.1,G5139,,,"@32.833333,36.5",luk.3.1
Travelers_Valley@Ezk.39.11,H1516O,,,"@31.49684513710609,35.78284105296996",ezk.39.11
Troas@Act.16.8,G5174,,,"@39.50664305923271,26.08059270470616",act.16.8
Trogyllium@Act.20.15,G5175,,,"@0,14z",act.20.15
Tubal@Isa.66.19,H8422H,Tubal@Gen.10.2,,"@40.905222,37.799969",isa.66.19
Tyre@Jos.19.29,H6865,,,"@33.27582782266882,35.19257453545583",jos.19.29
Ulai@Dan.8.2,H0195,,,"@32.178696,48.224890",dan.8.2
Ummah@Jos.19.30,H5981,,,"@33.104377,35.180623",jos.19.30
Uphaz@Jer.10.9,H0210,,,"@22,77",jer.10.9
Ur@Gen.11.28,H0218B,,,"@30.9620520474569,46.10374195774169",gen.11.28
Uz@Job.1.1,H5780J,Uz@Gen.36.28,,"@30.0334,36.44839",job.1.1
Uzal@Ezk.27.19,H0187H,Uzal@Gen.10.27,,"@15.354879,44.215092",ezk.27.19
Uzza@2Ki.21.18,H1588G,,,"@31.777444,35.234935",2ki.21.18
Uzzen-sheerah@1Ch.7.24,H0242,,,"@31.887821,35.045649",1ch.7.24
Valley_Gate@2Ch.26.9,H1516M,,,"@31.777444,35.234935",2ch.26.9
Vedan@Ezk.27.19,H2051,,,"@0,14z",ezk.27.19
Waheb@Num.21.14,H2052,,,"@27.088473,34.771729",num.21.14
Washer's_Field@2Ki.18.17,H3526G,,,"@31.769079,35.227994",2ki.18.17
Water_Gate@Neh.3.26,H4325H,,,"@31.777444,35.234935",neh.3.26
Way_of_Holiness@Isa.35.8,H1870H,,,"@31.777444,35.234935",isa.35.8
Wildgoats_Rocks@1Sa.24.2,H3277G,,,"@31.46152536164766,35.39241108242345",1sa.24.2
Yeshanah_Gate@Neh.3.6,H3465G,,,"@31.777444,35.234935",neh.3.6
Yiron@Jos.19.38,H3375,,,"@33.088748,35.414111",jos.19.38
Zaanan@Mic.1.11,H6630,,,"@31.743719,34.694006",mic.1.11
Zaanannim@Jos.19.33,H6815,,,"@33.11298357486105,35.53361334150225",jos.19.33
Zalmonah@Num.33.41,H6758,,,"@31.49684513710609,35.78284105296996",num.33.41
Zanoah@Jos.15.34,H2182G,,,"@31.716667,35.000000",jos.15.34
Zanoah@Jos.15.56,H2182H,,,"@31.366667,35.000000",jos.15.56
Zaphon@Jos.13.27,H6828H,,,"@32.237710,35.585865",jos.13.27
Zarephath@1Ki.17.9,H6886,,,"@33.4333,35.3",1ki.17.9
Zarethan@Jos.3.16,H6891,,,"@32.267821,35.576613",jos.3.16
Zeboiim@Gen.10.19,H6636,,,"@31.11942270162137,35.41253049195169",gen.10.19
Zeboim@Neh.11.34,H6650G,,,"@31.10182240291489,35.47633656511371",neh.11.34
Zeboim_Valley@1Sa.13.18,H6650H,,,"@31.936283,35.424836",1sa.13.18
Zedad@Num.34.8,H6657,,,"@34.312571,36.925484",num.34.8
Zela@Jos.18.28,H6762,,,"@31.792733,35.196862",jos.18.28
Zelzah@1Sa.10.2,H6766,,,"@31.717666,35.187019",1sa.10.2
Zemaraim@Jos.18.22,H6787,,,"@31.910999,35.457280",jos.18.22
Zenan@Jos.15.37,H6799,,,"@31.743719,34.694006",jos.15.37
Zephath@Jdg.1.17,H6857,,,"@30.880918,34.630620",jdg.1.17
Zephathah_Valley@2Ch.14.10,H6859,,,"@31.615198,34.910085",2ch.14.10
Zer@Jos.19.35,H6863,,,"@33.125828,35.165000",jos.19.35
Zered@Num.21.12,H2218,,,"@30.884128,35.897633",num.21.12
Zeredah@1Ki.11.26,H6868G,,,"@32.23293813761263,35.27304180036391",1ki.11.26
Zereth-shahar@Jos.13.19,H6890,,,"@31.616962,35.567522",jos.13.19
Ziddim@Jos.19.35,H6661,,,"@32.814279,35.435872",jos.19.35
Ziklag@Jos.15.31,H6860,,,"@31.37760000000001,34.87356199999998",jos.15.31
Zimri@Jer.25.25,H2174B,,,"@32.18919123705116,48.25788647687722",jer.25.25
Zin@Num.13.21,H6790,,,"@30.68771281376111,34.49479554246946",num.13.21
Zior@Jos.15.54,H6730,,,"@31.589719,35.148296",jos.15.54
Ziph@Jos.15.24,H2128G,,,"@32.049953,35.733402",jos.15.24
Ziph@Jos.15.55,H2128H,,,"@31.4833,35.1333",jos.15.55
Ziphron@Num.34.9,H2202,,,"@34.229499,37.240077",num.34.9
Ziz@2Ch.20.16,H6732,,,"@31.572903,35.406346",2ch.20.16
Zoan@Num.13.22,H6814,,,"@30.97461982407924,31.88417306768534",num.13.22
Zoar@Gen.13.10,H6820,,,"@30.9265225301655,35.4190606947832",gen.13.10
Zobah@1Sa.14.47,H6678G,,,"@34.312571,36.925484",1sa.14.47
Zophim@Num.23.14,H6839,,,"@31.767811,35.725296",num.23.14
Zorah@Jos.15.33,H6881,,,"@31.762141,34.969319",jos.15.33
Zuph@1Sa.9.5,H6689H,,,"@31.84684772753698,35.18491237777512",1sa.9.5
Cyprus@Num.24.24,H3794H,,Kittim@Gen.10.4,"@35.018306,33.207693",num.24.24
